label,metaGroupId,groupId,goodPeakCount,medMz,medRt,maxQuality,isotopeLabel,compound,compoundId,formula,expectedRtDiff,ppmDiff,parent,blank01,U13C15NGly-ctrl-1,U13C15NGly-ctrl-2,U13C15NGly-ctrl-3,U13C15NGly-itaco-1,U13C15NGly-itaco-2,U13C15NGly-itaco-3,U13C15NSer-ctrl-1,U13C15NSer-ctrl-2,U13C15NSer-ctrl-3,U13C15NSer-itaco-1,U13C15NSer-itaco-2,U13C15NSer-itaco-3
,0,1,12,74.02459,13.27522,0.7992291,C12 PARENT,glycine,glycine,C2H5NO2,0.02478409,2.164375,74.02459,62184.64,1213013,4566574,4248982,3818475,4301100,3808814,4044368,1563202,2742354,3170230,2607741,2816493
,0,2,9,76.02495,13.26969,0.849255,C13N15-label-1-1,glycine,glycine,C2H5NO2,0.03030872,2.508839,74.02459,0,5439.765,23716.74,32862.07,45491.46,45895.48,35949.74,20984.15,22613.52,54322.22,69280.95,45173.28,63138.51
,0,3,12,77.02833,13.26593,0.8190284,C13N15-label-2-1,glycine,glycine,C2H5NO2,0.03407001,2.179021,74.02459,0,733227.3,3029727,2563712,2647844,3005267,2791271,2440730,2356615,4618680,6455626,5122886,5225319
,0,4,12,75.02789,13.26988,0.8511148,C13-label-1,glycine,glycine,C2H5NO2,0.03012466,2.84724,74.02459,0,23369.36,101574.5,83682.3,84353.88,94676.91,69511.77,85218.95,34793.34,43484.79,68950.45,43015.46,56300.03
,0,5,10,76.03127,13.26771,0.8502573,C13-label-2,glycine,glycine,C2H5NO2,0.03228569,2.608976,74.02459,0,10139.33,22730.46,16464.92,11118.3,14660.11,13315.03,11793.83,49616.57,100599.1,59905.37,73561.52,69209.56
,0,6,9,75.02157,13.28777,0.849893,N15-label-1,glycine,glycine,C2H5NO2,0.01223087,2.84748,74.02459,1592.247,12050.99,45572.92,16775.14,7960.593,14372.18,6631.934,24795.46,56912.75,108498.5,23489.85,23985.69,23263.93
,0,7,8,87.00855,3.830408,0.7928284,C12 PARENT,pyruvate,pyruvate,C3H4O3,0.2495916,2.45519,87.00855,293218.5,2447226,2228678,2217812,2284119,1386529,1630214,4419384,886136.1,3448933,3029673,1099535,2342379
,0,8,8,88.01193,3.838221,0.8115132,C13-label-1,pyruvate,pyruvate,C3H4O3,0.2417789,2.167143,87.00855,8223.035,79538.12,71310.37,84483.9,76944,37656.21,48542.73,152710.6,24087.66,99808.66,91942.97,37801.08,70730.49
,0,9,0,89.01522,3.80479,0.05242376,C13-label-2,pyruvate,pyruvate,C3H4O3,0.2752094,2.914093,87.00855,0,0,1147.749,0,1450.547,0,775.6773,2316.955,0,850.9629,0,0,0
,0,10,2,90.01864,3.8009,0.7592325,C13-label-3,pyruvate,pyruvate,C3H4O3,0.2790997,2.118833,87.00855,0,0,0,0,0,0,0,0,12354.01,46049.78,41881.06,11301.67,16125.77
,0,11,12,88.04021,12.96976,0.8150355,C12 PARENT,sarcosine,sarcosine,C3H7NO2,0.3497591,2.166447,88.0402,117058.1,963059,3182661,2672122,1980690,1502439,1459596,3198837,1255900,2183112,1974226,1031764,1316169
,0,12,1,90.04056,13.11068,0.5648181,C13N15-label-1-1,sarcosine,sarcosine,C3H7NO2,0.4906759,2.54198,88.0402,0,0,0,0,0,0,0,0,2576.418,1696.209,857.5215,1282.285,0
,0,13,1,92.04733,13.00233,0.7646779,C13N15-label-3-1,sarcosine,sarcosine,C3H7NO2,0.382328,1.906364,88.0402,0,0,0,0,2228.507,0,0,0,1692.5,4166.164,0,0,0
,0,14,10,89.04355,12.96385,0.8394445,C13-label-1,sarcosine,sarcosine,C3H7NO2,0.343853,2.313398,88.0402,4146.8,32051.1,108677,66635.16,63960.27,41814.87,42567.58,109575.1,39182.86,65613.7,71663.35,30277.64,42546.21
,0,15,0,90.04691,12.8785,0.142132,C13-label-2,sarcosine,sarcosine,C3H7NO2,0.2584963,2.287621,88.0402,0,0,1498.728,0,0,0,0,1421.468,883.9941,464.2413,0,0,0
,0,16,4,91.05027,13.00017,0.84741,C13-label-3,sarcosine,sarcosine,C3H7NO2,0.380168,2.178619,88.0402,0,4222.781,0,0,0,0,0,0,13247.57,23207.19,11342.98,4566.81,6460.459
,0,17,9,89.03722,12.97374,0.8436331,N15-label-1,sarcosine,sarcosine,C3H7NO2,0.3537407,2.39925,88.0402,6415.258,11426.6,26896.9,23439.16,17255.41,10289.75,12318.66,24873,120477.6,186367.2,108559.2,42668.38,40262.91
,0,18,12,88.04019,13.39489,0.8160358,C12 PARENT,alanine,alanine,C3H7NO2,0.404891,2.339763,88.04018,109082.6,908287.2,2238594,2845030,1104071,952578.8,1033698,2524818,963442.2,2881551,1516123,920062.5,1299239
,0,19,0,90.04056,13.3064,0.1525441,C13N15-label-1-1,alanine,alanine,C3H7NO2,0.3164043,2.54198,88.04018,0,0,0,0,0,0,0,0,3320.984,2671.58,857.5215,1282.285,0
,0,20,1,92.04734,13.06793,0.7646779,C13N15-label-3-1,alanine,alanine,C3H7NO2,0.07792854,1.740594,88.04018,0,0,0,0,633.0968,0,0,0,1692.5,4166.164,0,0,0
,0,21,12,89.04357,13.40835,0.8453954,C13-label-1,alanine,alanine,C3H7NO2,0.4183521,2.056354,88.04018,1919.251,30193.8,74947.3,112798.9,46323.31,35106.39,34959.84,89964.62,34787.98,126645.1,46227.14,26600.29,46800.36
,0,22,0,90.04689,13.26558,0.1652032,C13-label-2,alanine,alanine,C3H7NO2,0.2755795,2.457074,88.04018,0,0,1498.728,0,0,0,0,631.7707,883.9941,2728.819,0,0,0
,0,23,1,91.05029,13.40208,0.7434652,C13-label-3,alanine,alanine,C3H7NO2,0.412077,1.92724,88.04018,0,1817.135,0,0,3897.085,0,0,0,1606.881,2040.648,979.5989,1671.859,5075.756
,0,24,10,89.03722,13.40861,0.8422591,N15-label-1,alanine,alanine,C3H7NO2,0.4186068,2.39925,88.04018,7083.088,18591.88,33652.85,27991.75,6831.91,7474.77,7681.42,19661.53,119354.5,365981.3,85915.39,47046.17,69565.68
,0,25,12,89.02424,7.350503,0.8408676,C12 PARENT,lactate,lactate,C3H6O3,0.4494972,1.971101,89.02422,1133775,4.43E+07,1.03E+08,7.45E+07,1.54E+08,9.93E+07,9.93E+07,1.47E+08,4.24E+07,1.03E+08,1.69E+08,7.10E+07,1.12E+08
,0,26,12,90.02754,7.348517,0.8368124,C13-label-1,lactate,lactate,C3H6O3,0.4514828,2.542347,89.02422,43659.19,1484896,3463592,2461181,5160030,3400939,3303627,5177976,1471279,3518357,5751050,2468090,3697563
,0,27,12,91.03078,7.356923,0.8443602,C13-label-2,lactate,lactate,C3H6O3,0.4430771,3.855298,89.02422,1275.619,41666.43,108371.7,68160.94,69376.5,52695.86,52801.72,160823.9,29500.46,76344.34,85535.49,36929.59,48460.36
,0,28,5,92.03429,7.498511,0.7644037,C13-label-3,lactate,lactate,C3H6O3,0.3014894,2.072428,89.02422,12649.72,0,0,0,0,0,0,0,601848.8,1453322,1416676,356946.9,541232.3
,0,29,13,103.0035,13.1763,0.8220848,C12 PARENT,Malonic acid,Malonic acid,C3H4O4,0.136301,1.481383,103.0035,586112.3,522439.3,735351.2,711835.5,701601.8,957701.6,735863.4,1207015,375920.1,715625.1,773181.2,666827.8,701807
,0,30,10,104.0069,13.19139,0.8506901,C13-label-1,Malonic acid,Malonic acid,C3H4O4,0.1513901,1.100319,103.0035,22210.48,14814.47,21396.96,20724.79,25347.96,32059.76,17634.4,40204.26,6886.309,18795.17,10295.77,14746.28,18139.01
,0,31,0,105.0102,13.1798,0.05181566,C13-label-2,Malonic acid,Malonic acid,C3H4O4,0.139801,2.034304,103.0035,1437.098,0,0,0,0,0,0,0,0,0,0,0,0
,0,32,1,106.0135,13.15442,0.8473223,C13-label-3,Malonic acid,Malonic acid,C3H4O4,0.114418,2.01505,103.0035,6365.215,0,0,0,0,0,0,0,0,0,0,0,0
,0,33,12,104.0352,13.43331,0.8560543,C12 PARENT,serine,serine,C3H7NO3,0.0333147,1.540028,104.0352,8976.866,2383815,6074902,5668626,4689222,4828736,4737864,5701260,869938.8,1477944,1181679,642166.1,849397.5
,0,34,4,106.0355,13.39961,0.8451691,C13N15-label-1-1,serine,serine,C3H7NO3,0.000390053,2.302438,104.0352,0,3304.946,5861.931,4831.203,7331.916,11646.17,7729.803,7049.28,36168.03,37416.25,18640.99,12638.39,16438.31
,0,35,12,107.0388,13.39362,0.8564765,C13N15-label-2-1,serine,serine,C3H7NO3,0.006383896,1.995749,104.0352,0,250987.2,659751.5,522538,738506,701475.8,522666.7,577197.1,399237.5,705289.9,676866.8,490089.5,646574.6
,0,36,10,108.0422,13.39976,0.8438209,C13N15-label-3-1,serine,serine,C3H7NO3,0.000242233,1.694755,104.0352,0,13826.31,47443.43,55365.94,11358.83,10422.88,37501.29,1374.588,1.49E+07,2.85E+07,2.73E+07,2.04E+07,2.77E+07
,0,37,12,105.0384,13.39166,0.8553193,C13-label-1,serine,serine,C3H7NO3,0.008340836,2.179024,104.0352,0,70194.23,223774.5,179553.3,156121,143279.5,143665,187907,400018.7,513564.1,861775,604218.4,560192.6
,0,38,8,106.0418,13.39585,0.8492928,C13-label-2,serine,serine,C3H7NO3,0.00414753,2.302301,104.0352,0,11578.93,39235.07,33920.47,7686.176,6470.413,3788.74,40404.92,28336.02,19370.27,32227.71,12071.37,12184.94
,0,39,5,107.0452,13.39722,0.8553837,C13-label-3,serine,serine,C3H7NO3,0.002775192,1.781813,104.0352,0,0,0,0,0,0,0,0,461088.3,764987.3,654195.8,353646.2,474865.9
,0,40,11,105.0321,13.39576,0.8562672,N15-label-1,serine,serine,C3H7NO3,0.004235268,2.251794,104.0352,0,19950.88,46379.62,37437.15,15146.48,11937.66,14254.91,49255,474741.2,708634,177446.2,84358.72,93603.2
,0,41,12,108.0123,12.9117,0.844458,C12 PARENT,Hypotaurine,Hypotaurine,C2H7NO2S,0.3116961,1.624591,108.0123,0,623275.2,1663188,2540602,2453910,2345765,2829669,1622910,925406.8,2121436,2884891,1696143,2458964
,0,42,0,110.0127,12.88353,0.1320848,C13N15-label-1-1,Hypotaurine,Hypotaurine,C2H7NO2S,0.283534,1.31765,108.0123,0,0,0,643.9344,0,0,0,0,0,0,0,0,0
,0,43,11,109.0155,12.9118,0.8515061,C13-label-1,Hypotaurine,Hypotaurine,C2H7NO2S,0.311801,2.799371,108.0123,0,10624.98,35155.87,48827.06,35472.12,48211.53,67029.92,25775.14,18615.59,47125.36,60655.35,38578.13,54125.51
,0,44,0,109.0093,12.91148,0.225794,N15-label-1,Hypotaurine,Hypotaurine,C2H7NO2S,0.3114767,2.309615,108.0123,0,0,5248.133,10831.62,4898.64,0,4501.08,4743.754,2181.383,4606.188,0,0,0
,0,45,12,114.0558,11.9524,0.8242545,C12 PARENT,proline,proline,C5H9NO2,0.1424017,2.274315,114.0558,17598.56,7769372,2.60E+07,2.43E+07,1.60E+07,1.48E+07,1.42E+07,2.30E+07,8749219,1.46E+07,9097739,5899270,7540030
,0,46,6,116.0562,11.94294,0.8501893,C13N15-label-1-1,proline,proline,C5H9NO2,0.1329355,2.037898,114.0558,0,0,4566.17,2925.372,1088.404,0,0,4109.258,23663.93,32224.71,10605.97,5459.789,6539.943
,0,47,12,115.0592,11.93489,0.8328235,C13-label-1,proline,proline,C5H9NO2,0.1248913,2.188174,114.0558,0,433637.5,1366522,1381558,871635.2,830750.2,760799.9,1243960,479507.8,792064.8,504868.8,324772.1,416943.4
,0,48,12,116.0624,11.94147,0.8505551,C13-label-2,proline,proline,C5H9NO2,0.1314745,2.695138,114.0558,0,8650.481,28998.4,27544.42,16880.76,14596.79,18846.57,23682.81,20963.88,37680.2,13264.33,4563.076,12076.76
,0,49,12,115.0528,11.94134,0.8521485,N15-label-1,proline,proline,C5H9NO2,0.13134,2.05567,114.0558,0,34417.31,122862.9,109625.9,62580.57,54221.17,46608.41,117041.7,430067.8,637520.8,205509.9,91568.56,127745.3
,0,50,12,115.0034,12.82999,0.8376149,C12 PARENT,fumarate,fumarate,C4H4O4,1.219987,2.321915,115.0034,23132.54,1456658,6715748,7752058,3613787,3330139,5817694,4577023,3452722,7317994,4266056,3020611,4460992
,0,51,11,116.0068,12.82213,0.8514927,C13-label-1,fumarate,fumarate,C4H4O4,1.212132,2.236066,115.0034,0,64881.29,297995,340284.5,167279.8,138214.6,221656.2,218393.5,164438.4,319625.9,161196.2,109136.2,196803.6
,0,52,2,117.0102,12.82554,0.8453935,C13-label-2,fumarate,fumarate,C4H4O4,1.215541,1.630068,115.0034,0,0,1552.355,2951.102,0,0,0,2007.93,11504.68,21808.18,1258.869,595.8797,0
,0,53,12,116.0715,11.24727,0.8227475,C12 PARENT,valine,valine,C5H11NO2,0.2372694,2.03763,116.0715,38084.82,897247.2,2241334,1658499,1928709,1869012,1419290,2854161,850080.8,2279707,1473894,1187636,1946414
,0,54,0,118.0718,11.16822,0.1165976,C13N15-label-1-1,valine,valine,C5H11NO2,0.1582174,2.261574,116.0715,0,0,0,0,0,0,0,0,0,1206.028,0,0,0
,0,55,12,117.0748,11.20914,0.8508797,C13-label-1,valine,valine,C5H11NO2,0.1991405,2.020168,116.0715,0,42338.04,119842.1,84905.41,105994.3,109494.6,81242.27,165794.4,35302.33,121703.8,77099.03,61421.11,104229.2
,0,56,1,118.0783,11.18085,0.6346347,C13-label-2,valine,valine,C5H11NO2,0.1708546,1.09842,116.0715,0,0,1429.717,1793.211,1290.882,517.1288,633.9972,1883.324,0,1327.366,460.912,0,587.866
,0,57,0,120.0857,11.27445,0.08421368,C13-label-4,valine,valine,C5H11NO2,0.2644501,4.828525,116.0715,0,0,0,0,0,0,0,0,0,0,0,486.9722,0
,0,58,11,117.0686,11.22249,0.8423187,N15-label-1,valine,valine,C5H11NO2,0.2124872,1.433745,116.0715,0,3034.771,9520.947,5825.766,4721.672,5377.286,4647.546,10335.84,13483,26187.17,17948.75,9692.791,12460.88
,0,59,13,117.0191,13.08461,0.8320375,C12 PARENT,succinate,succinate,C4H6O4,1.45461,1.890734,117.0191,468646.7,2923157,1.08E+07,7605338,2.37E+07,2.08E+07,2.08E+07,9008197,5295742,7396238,2.68E+07,1.70E+07,2.27E+07
,0,60,13,118.0225,13.0846,0.8322639,C13-label-1,succinate,succinate,C4H6O4,1.4546,1.939304,117.0191,22657.16,143154.8,511754.8,343614.8,1049828,948154.6,932316.1,399119.2,262513.3,339700.2,1207216,728169.8,1025739
,0,61,4,119.0257,13.08515,0.8453699,C13-label-2,succinate,succinate,C4H6O4,1.455147,2.884434,117.0191,0,659.3547,4919.93,2596.228,21432.98,12781.93,15952.09,7697.865,16947.14,25649.08,29673.22,17985.98,19678.49
,0,62,12,118.0507,13.02766,0.8597806,C12 PARENT,threonine,threonine,C4H9NO3,0.05766392,1.938839,118.0507,7892.556,1032290,3761639,3188506,2938226,2819323,2523486,3351328,954745.8,2752971,2586804,1744300,2390186
,0,63,0,120.0511,13.00807,0.08861544,C13N15-label-1-1,threonine,threonine,C4H9NO3,0.03806686,1.906533,118.0507,0,0,0,924.0347,0,0,0,0,0,0,0,0,0
,0,64,0,122.0578,13.07835,0.1016411,C13N15-label-3-1,threonine,threonine,C4H9NO3,0.1083498,2.187719,118.0507,0,0,0,0,0,0,0,0,0,825.9568,1515.85,0,0
,0,65,5,123.0612,13.08115,0.8499169,C13N15-label-4-1,threonine,threonine,C4H9NO3,0.1111507,2.107886,118.0507,0,0,0,0,0,0,0,0,11780.75,27554.7,35821.62,26396.1,29804.97
,0,66,12,119.054,13.00442,0.8530734,C13-label-1,threonine,threonine,C4H9NO3,0.03442001,2.883749,118.0507,0,46130.95,169425.8,139018.4,136561,102122.7,98457.81,143184.3,36001.89,127015.5,118274.4,67153.66,93417.62
,0,67,0,120.0574,13.10854,0.08574674,C13-label-2,threonine,threonine,C4H9NO3,0.1385422,1.96998,118.0507,520.0985,0,812.5645,675.3727,0,0,721.7479,0,0,0,0,0,0
,0,68,2,119.0477,13.02299,0.8001064,N15-label-1,threonine,threonine,C4H9NO3,0.05299187,2.819815,118.0507,0,2056.701,14531.49,8309.833,9500.354,9131.353,4222.295,10580.79,1276.874,7803.559,8645.045,4405.98,3357.107
,0,69,13,124.007,10.99791,0.8405331,C12 PARENT,taurine,taurine,C2H7NO3S,0.2179136,2.768567,124.007,33934.15,2.18E+07,5.39E+07,7.13E+07,8.18E+07,8.01E+07,8.72E+07,5.61E+07,3.69E+07,6.28E+07,9.40E+07,6.26E+07,8.59E+07
,0,70,0,127.0105,10.94908,0.1519191,C13N15-label-2-1,taurine,taurine,C2H7NO3S,0.1690798,5.406183,124.007,0,0,0,0,0,0,3790.496,2235.04,0,1908.04,3202.389,0,0
,0,71,12,125.0103,10.97868,0.8425215,C13-label-1,taurine,taurine,C2H7NO3S,0.1986809,3.173555,124.007,0,481600.6,1110858,1545790,1792960,1784288,1886385,1165526,819363.1,1390601,1960888,1363718,1789654
,0,72,4,126.0136,10.97871,0.8489673,C13-label-2,taurine,taurine,C2H7NO3S,0.1987104,4.177534,124.007,0,3452.468,7086.042,16667.29,5410.333,19698.03,16599.06,2311.905,1514.149,6085.233,8281.439,6537.989,5177.326
,0,73,12,125.004,10.99485,0.8439021,N15-label-1,taurine,taurine,C2H7NO3S,0.2148457,3.112683,124.007,0,65807.7,190397.1,258352.5,275150.8,306013.7,325786.8,198935.4,117679.9,211698.8,324258.9,218890.5,282754.5
,0,74,12,128.035,9.288581,0.8265353,C12 PARENT,Pyrrolidonecarboxylic acid,Pyrrolidonecarboxylic acid,C5H7NO3,0.2585812,2.145175,128.035,69291.66,8.98E+07,1.43E+08,1.08E+08,1.50E+08,1.32E+08,1.09E+08,1.80E+08,4.27E+07,1.50E+08,1.13E+08,9.45E+07,1.44E+08
,0,75,10,130.0352,9.257443,0.8465436,C13N15-label-1-1,Pyrrolidonecarboxylic acid,Pyrrolidonecarboxylic acid,C5H7NO3,0.2274437,3.872321,128.035,0,7776.43,21770.3,13193.29,24271.58,22576.41,24481.99,33850.61,15985.51,39185.58,26821.99,23891.88,28072.74
,0,76,12,129.0384,9.280373,0.8271834,C13-label-1,Pyrrolidonecarboxylic acid,Pyrrolidonecarboxylic acid,C5H7NO3,0.2503729,2.364995,128.035,2685.973,5097400,8098128,6442722,8553495,7496250,6150222,1.01E+07,2122657,8629209,6349478,5446278,8254024
,0,77,11,130.0416,9.251154,0.8279402,C13-label-2,Pyrrolidonecarboxylic acid,Pyrrolidonecarboxylic acid,C5H7NO3,0.2211542,3.402784,128.035,0,87381.88,160969.4,110406.8,158247.8,144674,123297,162277.4,46214.53,174032.1,98368.34,95592.81,136740.8
,0,78,0,131.045,9.215651,0.05425373,C13-label-3,Pyrrolidonecarboxylic acid,Pyrrolidonecarboxylic acid,C5H7NO3,0.1856508,2.561657,128.035,0,0,0,0,0,0,0,3824.457,0,0,0,0,0
,0,79,0,133.0516,9.21546,0.04833276,C13-label-5,Pyrrolidonecarboxylic acid,Pyrrolidonecarboxylic acid,C5H7NO3,0.1854601,3.899216,128.035,0,24382.04,0,0,0,0,0,24448.8,0,0,48542.76,29186.31,0
,0,80,12,129.0321,9.301006,0.8223119,N15-label-1,Pyrrolidonecarboxylic acid,Pyrrolidonecarboxylic acid,C5H7NO3,0.2710066,1.892089,128.035,4229.758,351235.6,527427.3,446394.2,537463.1,480244.5,390732.9,638986.8,340778,930162.7,630660.6,488341.2,760987.2
,0,81,12,129.0191,12.90172,0.8359274,C12 PARENT,itaconate,itaconate,C5H6O4,1.501722,1.892279,129.0191,85990.29,622803.2,1.47E+07,5485918,3.31E+08,2.87E+08,2.20E+08,2192463,4988229,1.32E+07,1.75E+08,2.07E+08,3.19E+08
,0,82,12,130.0224,12.90176,0.8369734,C13-label-1,itaconate,itaconate,C5H6O4,1.501759,2.581806,129.0191,4374.199,32602.92,782776.2,307317.8,1.90E+07,1.70E+07,1.29E+07,113998.5,278433.8,723975.6,1.01E+07,1.18E+07,1.84E+07
,0,83,8,131.0256,12.88445,0.8498169,C13-label-2,itaconate,itaconate,C5H6O4,1.484447,3.610141,129.0191,0,0,14013.39,4101.056,368553.3,317469,261096.8,758.821,7258.637,13168.42,173313.8,222592.7,360421.5
,0,84,0,132.03,13.00178,0.06558505,C13-label-3,itaconate,itaconate,C5H6O4,1.601785,4.276132,129.0191,3954.414,0,0,0,0,0,0,0,0,0,0,0,0
,0,85,9,129.0555,2.738626,0.7844124,C12 PARENT,Methyloxovaleric acid (Ketoleucine),Methyloxovaleric acid (Ketoleucine),C6H10O3,0.2286258,1.891746,129.0555,218453.7,1409587,3449721,2360166,3190301,2497598,2084390,5047822,1386570,3359537,2485619,1537823,2632135
,0,86,8,130.0587,2.720919,0.8486438,C13-label-1,Methyloxovaleric acid (Ketoleucine),Methyloxovaleric acid (Ketoleucine),C6H10O3,0.2109191,2.698406,129.0555,15575.96,99223.88,229836.9,141438.9,211044.4,163167.7,132490.4,348473.2,77470.12,219325.6,153254.2,98952.7,134005.5
,0,87,0,131.0621,2.729441,0.1530932,C13-label-2,Methyloxovaleric acid (Ketoleucine),Methyloxovaleric acid (Ketoleucine),C6H10O3,0.2194409,2.095629,129.0555,0,0,5659.342,2163.994,2926.804,2430.501,2408.245,4455.868,0,2468.6,0,0,0
,0,88,0,132.0663,3.0295,0.05110116,C13-label-3,Methyloxovaleric acid (Ketoleucine),Methyloxovaleric acid (Ketoleucine),C6H10O3,0.5195003,4.274954,129.0555,528.3516,0,0,0,0,0,0,0,0,0,0,0,0
,0,89,12,130.0506,13.01578,0.8165491,C12 PARENT,N-Propionylglycine,N-Propionylglycine,C5H9NO3,0.1342154,2.581245,130.0506,26630.38,4124450,1.29E+07,1.25E+07,9903753,8971951,9405348,1.19E+07,4075531,8778175,8423505,5401680,6784652
,0,90,12,131.0539,12.95288,0.8564872,C13-label-1,N-Propionylglycine,N-Propionylglycine,C5H9NO3,0.1971197,3.027207,130.0506,0,228748.5,728531.5,699802,540525.7,451818.2,497919.1,656294.5,220122.8,474437,474364.3,280048.6,357501.8
,0,91,3,132.0573,12.97859,0.8322459,C13-label-2,N-Propionylglycine,N-Propionylglycine,C5H9NO3,0.1714106,3.004206,130.0506,0,0,9642.787,10520.91,10314.51,6819.427,7102.08,8978.526,1835.094,5422.867,3759.931,1904.456,3449.817
,0,92,0,133.0606,12.99195,0.08230877,C13-label-3,N-Propionylglycine,N-Propionylglycine,C5H9NO3,0.1580486,3.325578,130.0506,0,0,0,0,0,0,0,0,818.8955,0,0,0,0
,0,93,6,131.0476,12.96313,0.8508714,N15-label-1,N-Propionylglycine,N-Propionylglycine,C5H9NO3,0.1868715,2.910916,130.0506,0,14797.96,50542.11,47018.02,28152.54,22238.61,28164.92,41463.61,14679.19,30130.65,23075.22,16044.37,17722.26
,0,94,11,130.0507,7.861087,0.8302066,C12 PARENT,N-Acetyl-L-alanine,N-Acetyl-L-alanine,C5H9NO3,0.2189126,2.346586,130.0506,18488.94,178443,810990.8,815216,795738.7,739111.5,889432.2,686096.2,452648.7,725731.7,939306.9,665895.5,860520.7
,0,95,0,132.051,7.930507,0.07640921,C13N15-label-1-1,N-Acetyl-L-alanine,N-Acetyl-L-alanine,C5H9NO3,0.1494932,2.657694,130.0506,0,0,593.8575,0,0,0,0,0,602.9153,1488.441,447.3394,0,556.9546
,0,96,0,134.0579,7.862683,0.07703619,C13N15-label-3-1,N-Acetyl-L-alanine,N-Acetyl-L-alanine,C5H9NO3,0.2173166,0.910578,130.0506,0,0,0,0,0,0,0,0,0,0,0,0,374.7148
,0,97,10,131.054,7.873218,0.8284879,C13-label-1,N-Acetyl-L-alanine,N-Acetyl-L-alanine,C5H9NO3,0.2067819,2.32862,130.0506,0,11295.55,39121.54,39475.11,43254.63,35845.2,50317.99,38021.05,23727.32,31768.87,50382.25,33679.81,45133.02
,0,98,0,132.0575,8.107867,0.09512348,C13-label-2,N-Acetyl-L-alanine,N-Acetyl-L-alanine,C5H9NO3,0.02786732,1.155464,130.0506,0,0,0,0,0,0,0,0,1008.417,0,0,0,0
,0,99,0,133.0609,7.965009,0.08441015,C13-label-3,N-Acetyl-L-alanine,N-Acetyl-L-alanine,C5H9NO3,0.1149912,1.146751,130.0506,0,0,0,0,0,0,0,0,920.8025,1479.594,0,0,0
,0,100,8,131.0477,7.887043,0.8485358,N15-label-1,N-Acetyl-L-alanine,N-Acetyl-L-alanine,C5H9NO3,0.1929564,2.561606,130.0506,0,0,5081.913,4357.644,1275.012,1466.813,1878.599,3068.531,29620.52,43198.07,28777.99,18730.2,25451.39
,0,101,12,130.0617,13.02145,0.8534704,C12 PARENT,creatine,creatine,C4H9N3O2,0.04145432,3.754214,130.0617,1137.974,36744.92,112242.8,106723.5,202944.2,190400.2,242536.9,104307.5,56181.61,97356.37,207236.6,164323.4,218869.3
,0,102,0,135.066,12.9493,0.05488463,C13N15-label-3-2,creatine,creatine,C4H9N3O2,0.03069878,2.711341,130.0617,0,0,20383.62,0,0,0,0,0,0,0,0,0,0
,0,103,0,131.0651,13.01434,0.2887759,C13-label-1,creatine,creatine,C4H9N3O2,0.03434181,3.143368,130.0617,0,0,2482.748,2084.314,8260.946,8593.629,10602.33,2332.59,0,1474.221,6736.182,5634.309,10593.96
,0,104,12,130.0869,9.239084,0.828784,C12 PARENT,leucine,leucine,C6H13NO2,0.05908394,3.167005,130.0869,40327.2,5341074,1.35E+07,9876904,1.20E+07,1.09E+07,8778918,1.68E+07,5227924,1.37E+07,9677621,7083714,1.16E+07
,0,105,3,132.0873,9.239532,0.8180206,C13N15-label-1-1,leucine,leucine,C6H13NO2,0.05953121,3.119043,130.0869,0,534.9376,3846.416,1939.204,775.7664,932.7429,863.1711,1693.823,15178.95,29168.94,27248.34,6759.291,7973.152
,0,106,12,131.0903,9.208629,0.7900211,C13-label-1,leucine,leucine,C6H13NO2,0.02862835,3.142765,130.0869,0,361680.9,928886.8,686946.1,846212.2,771240.5,597301.1,1168132,344131.3,984152.7,627496.4,495782,778225.7
,0,107,9,132.0937,9.21692,0.8172807,C13-label-2,leucine,leucine,C6H13NO2,0.03691959,2.77235,130.0869,0,10418.74,23067.2,23912.55,24128.45,13400.93,18277.87,25990.24,8783.909,21818.04,18673.85,8325.323,24630.67
,0,108,0,133.097,9.856566,0.1310008,C13-label-3,leucine,leucine,C6H13NO2,0.6765661,2.980738,130.0869,0,0,0,0,0,0,0,0,0,569.933,0,0,0
,0,109,12,131.084,9.19794,0.7897134,N15-label-1,leucine,leucine,C6H13NO2,0.01793957,2.910108,130.0869,0,22140.28,63973.15,43699.95,42266.83,45058.63,33958.5,84191.44,195413.6,410576.8,275708.3,99696.59,177431.1
,0,110,12,130.087,9.972519,0.7791173,C12 PARENT,isoleucine,isoleucine,C6H13NO2,0.2425194,2.580523,130.087,36251.66,6015842,1.40E+07,1.13E+07,1.29E+07,1.16E+07,9194584,1.77E+07,5312362,1.45E+07,1.02E+07,7692458,1.26E+07
,0,111,7,132.0874,9.88743,0.8423989,C13N15-label-1-1,isoleucine,isoleucine,C6H13NO2,0.1574306,2.772482,130.087,0,583.143,5116.753,2360.664,1178.138,4334.128,1122.512,7868.453,14520.1,33548.58,17375.54,10701.38,12657.23
,0,112,12,131.0903,9.878471,0.7993754,C13-label-1,isoleucine,isoleucine,C6H13NO2,0.1484718,2.677171,130.087,0,395288.7,919776.3,737838.3,911318.9,780251,609716.2,1212226,381396.8,975291,683283.3,503003,855880.7
,0,113,12,132.0937,9.880498,0.8107551,C13-label-2,isoleucine,isoleucine,C6H13NO2,0.1504984,2.425806,130.087,0,9363.829,26953.83,19240.89,21898.91,19226.34,17101.42,31175.22,9681.358,23354.36,17473.59,10766.09,21055.24
,0,114,0,133.097,9.856566,0.1310008,C13-label-3,isoleucine,isoleucine,C6H13NO2,0.1265669,2.980738,130.087,0,0,0,0,0,0,0,0,0,569.933,0,0,0
,0,115,12,131.0841,9.885146,0.7879205,N15-label-1,isoleucine,isoleucine,C6H13NO2,0.1551466,2.328087,130.087,0,31617.72,79169.76,59473.55,52275.04,49126.65,37616.1,96368.72,266077.5,519638.5,334276.2,141140.5,223952.9
,0,116,8,131.0347,11.81235,0.774016,C12 PARENT,Methylsuccinic acid,Methylsuccinic acid,C5H8O4,0.3823538,2.445412,131.0347,33046.68,260444.2,446128.2,243413.8,339631.1,333196.4,177256.5,577474.5,127973.8,458835.7,161909.4,208563.7,348787.8
,0,117,9,132.038,11.82618,0.8167381,C13-label-1,Methylsuccinic acid,Methylsuccinic acid,C5H8O4,0.3961802,2.311267,131.0347,812.1089,11049.34,27069.5,9443.797,16404.57,17547.77,9487.633,29860.09,7782.893,23056.01,10239.7,10270.06,19592.34
,0,118,0,134.0458,11.83003,0.05815215,C13-label-3,Methylsuccinic acid,Methylsuccinic acid,C5H8O4,0.4000254,5.691665,131.0347,0,0,2277.311,2169.245,0,0,0,0,0,0,0,0,0
,0,119,12,131.0459,13.32135,0.861508,C12 PARENT,asparagine,asparagine,C4H8N2O3,0.1386509,2.328764,131.0459,4475.954,4089391,1.08E+07,1.06E+07,9572052,9372227,8819811,9836801,4487566,7795818,8010452,5085700,7057676
,0,120,0,133.0461,13.29912,0.1845654,C13N15-label-1-1,asparagine,asparagine,C4H8N2O3,0.1608791,3.670002,131.0459,0,0,0,3509.369,0,4546.113,4233.813,0,1797.849,0,7747.344,0,0
,0,121,12,132.0492,13.32696,0.8554497,C13-label-1,asparagine,asparagine,C4H8N2O3,0.1330357,2.65773,131.0459,0,178650.5,379741.5,476244.3,381655.8,391348.8,374626.7,397617.4,205184.1,341863.2,313584.7,215426.7,286329.1
,0,122,0,133.0525,13.35613,0.1041946,C13-label-2,asparagine,asparagine,C4H8N2O3,0.1038723,3.325781,131.0459,0,0,0,3515.752,2790.213,0,3095.177,0,0,0,0,0,0
,0,123,12,132.0429,13.33087,0.8507653,N15-label-1,asparagine,asparagine,C4H8N2O3,0.1291332,2.888976,131.0459,0,20310.87,76802.77,66337.38,72503.34,57011,60764.08,64140.55,30462.97,46939.9,43138.22,34446.67,44780.14
,0,124,9,131.0823,16.38585,0.7823937,C12 PARENT,ornithine,ornithine,C5H12N2O2,0.2141495,2.095306,131.0823,535.0438,51656.64,109593.7,107868.9,70530.02,48112.36,51414.79,139966.1,29931.16,124020.9,38219.79,29321.1,61767.96
,0,125,0,134.087,17.20934,0.06482957,C13N15-label-2-1,ornithine,ornithine,C5H12N2O2,0.6093349,4.779526,131.0823,0,483.9264,0,0,0,0,0,0,0,0,0,0,0
,0,126,0,137.0967,16.54157,0.05085655,C13N15-label-5-1,ornithine,ornithine,C5H12N2O2,0.05843163,1.892095,131.0823,458.1552,0,0,0,0,0,0,0,0,0,0,0,0
,0,127,3,132.0856,16.55501,0.8166069,C13-label-1,ornithine,ornithine,C5H12N2O2,0.04499054,2.310433,131.0823,0,680.8464,3424.433,4299.423,1517.743,1402.522,493.5746,6536.648,718.2047,3344.161,1186.588,31187.8,1614.12
,0,128,0,133.0891,17.18622,0.1311851,C13-label-2,ornithine,ornithine,C5H12N2O2,0.5862236,1.949063,131.0823,0,0,0,0,717.8544,538.1265,625.9391,0,0,0,0,0,0
,0,129,6,132.0793,16.92205,0.8054747,N15-label-1,ornithine,ornithine,C5H12N2O2,0.3220482,2.310544,131.0823,0,1960.562,10415.22,3126.208,2864.592,5775.133,2589.405,8762.97,2802.635,9521.522,2447.423,474.4012,517.2332
,0,130,12,132.0299,13.41907,0.8305084,C12 PARENT,aspartate,aspartate,C4H7NO4,0.04092884,2.311409,132.0299,23283.85,1.09E+07,2.57E+07,3.62E+07,1.16E+07,1.02E+07,1.18E+07,2.87E+07,1.08E+07,3.60E+07,1.70E+07,9663821,1.51E+07
,0,131,4,134.0303,13.41053,0.8308868,C13N15-label-1-1,aspartate,aspartate,C4H7NO4,0.04946518,2.163065,132.0299,0,1029.718,5303.388,3059.661,0,0,0,11944.92,57581.56,151488.2,49936.38,20715.81,17088.64
,0,132,0,135.0334,13.41348,0.2163844,C13N15-label-2-1,aspartate,aspartate,C4H7NO4,0.04651546,4.180986,132.0299,0,0,0,0,0,0,0,0,0,8309.427,0,0,0
,0,133,12,133.0331,13.41908,0.856857,C13-label-1,aspartate,aspartate,C4H7NO4,0.04092216,3.555662,132.0299,1183.987,493378.7,1136554,1597857,558106.9,429525.7,509647,1265703,500621,1619179,607092.9,424001.3,675136.5
,0,134,3,134.0366,13.40378,0.850719,C13-label-2,aspartate,aspartate,C4H7NO4,0.0562191,2.846004,132.0299,0,2400.575,11805.84,21756.54,2451.021,1170.995,3445.951,10972.14,36218.77,126075.3,15330.44,2828.747,14332.14
,0,135,0,135.0399,13.4482,0.2101475,C13-label-3,aspartate,aspartate,C4H7NO4,0.01180458,2.711864,132.0299,0,0,0,0,0,0,0,0,1770.765,5248.53,2605.415,0,0
,0,136,12,133.0267,13.39674,0.8539128,N15-label-1,aspartate,aspartate,C4H7NO4,0.06325531,3.899944,132.0299,513.4646,92249.4,221817.9,275684.4,46662.92,23770.28,46736.89,235768.9,1314060,3606176,1070372,489230,734985.4
,0,137,12,133.0139,13.27654,0.8193307,C12 PARENT,malate,malate,C4H6O5,0.003458023,2.52374,133.0139,261491.4,2.45E+07,9.52E+07,8.59E+07,8.56E+07,8.58E+07,8.31E+07,6.66E+07,3.23E+07,6.88E+07,8.51E+07,6.38E+07,7.91E+07
,0,138,13,134.0172,13.27094,0.8310074,C13-label-1,malate,malate,C4H6O5,0.009059906,2.732558,133.0139,17484.73,1079068,4385634,4052322,4003966,3786760,3880895,3071746,1536665,3273182,4017427,2890765,3239052
,0,139,12,135.0206,13.28532,0.8512136,C13-label-2,malate,malate,C4H6O5,0.005317688,2.825263,133.0139,749.4877,18280.46,71558.77,47169.36,54417.37,36205.19,39912.34,52479.98,117316.7,276052.5,97683.79,64251.32,90362.66
,0,140,2,136.0239,13.27897,0.8149113,C13-label-3,malate,malate,C4H6O5,0.001032829,3.028777,133.0139,713.2936,0,0,0,0,0,0,0,16268.9,30401.85,7328.205,7678.133,0
,0,141,5,137.024,2.34918,0.8215373,C12 PARENT,3-Hydroxybenzoic acid,3-Hydroxybenzoic acid,C7H6O3,0.6108205,2.672596,137.024,57438.61,121455.8,97699.52,199157.1,88674.15,108453.4,455144.6,254397.3,1866600,219149,360529,338485.8,158606.5
,0,142,1,138.0274,2.34935,0.8183277,C13-label-1,3-Hydroxybenzoic acid,3-Hydroxybenzoic acid,C7H6O3,0.6106501,2.874266,137.024,0,2038.022,0,0,0,0,6304.787,3435.589,120079.5,6546.791,3842.722,14534.64,0
,0,143,0,140.0351,2.297967,0.0473165,C13-label-3,3-Hydroxybenzoic acid,3-Hydroxybenzoic acid,C7H6O3,0.6620331,4.140651,137.024,18148.72,0,0,0,0,0,0,0,0,0,0,0,0
,0,144,13,140.0115,14.10953,0.8549785,C12 PARENT,O-Phosphorylethanolamine,O-Phosphorylethanolamine,C2H8NO4P,0.009533882,2.070661,140.0115,50592.92,45712.25,93451.59,169053.8,236257.9,211952.6,405631,170176.5,87126.79,179874.5,309269.7,205204.2,376651.5
,0,145,0,143.0153,14.11368,0.08793255,C13N15-label-2-1,O-Phosphorylethanolamine,O-Phosphorylethanolamine,C2H8NO4P,0.01368332,1.707091,140.0115,0,0,0,0,0,0,0,0,0,1427.225,0,0,0
,0,146,0,142.0184,14.11368,0.1209132,C13-label-2,O-Phosphorylethanolamine,O-Phosphorylethanolamine,C2H8NO4P,0.01368332,0.6446535,140.0115,0,0,0,0,0,0,0,0,0,1918.444,0,0,0
,0,147,12,143.0346,11.85666,0.8399505,C12 PARENT,3-Methylglutaconic Acid,3-Methylglutaconic Acid,C6H8O4,1.346657,2.773647,143.0346,17068.4,578774.3,1008437,508870.2,785101.8,782860.5,309347.2,1391825,249685.5,1082782,289044.9,424912.1,824824.2
,0,148,12,144.0379,11.86037,0.8488521,C13-label-1,3-Methylglutaconic Acid,3-Methylglutaconic Acid,C6H8O4,1.350373,2.754326,143.0346,0,39261.07,50980.9,34107.44,50205.82,52332.48,23200.38,82365.59,14318.9,64995.88,19200.88,26343.17,46265.18
,0,149,13,145.0139,12.72442,0.8391629,C12 PARENT,a-ketoglutarate,a-ketoglutarate,C5H6O5,1.384417,2.525344,145.0139,14119,882604.4,4062265,2558152,7687324,8144312,7649948,3169597,2202484,2194346,8678549,5751564,4628404
,0,150,12,146.0172,12.71843,0.843096,C13-label-1,a-ketoglutarate,a-ketoglutarate,C5H6O5,1.378432,2.612491,145.0139,0,41659.78,226343.9,142802,439361.9,465714.7,432687.3,177348,121736.2,121859.5,506514.2,332935.5,250607.3
,0,151,2,147.0206,12.72263,0.8459631,C13-label-2,a-ketoglutarate,a-ketoglutarate,C5H6O5,1.382629,2.283303,145.0139,0,0,3705.973,0,7275.167,7377.729,6310.557,0,5225.434,7430.388,12934.36,7537.297,3600.461
,0,152,12,145.0615,13.34013,0.834062,C12 PARENT,glutamine,glutamine,C5H10N2O3,0.04013252,2.419327,145.0615,5655.307,7050380,2.01E+07,1.76E+07,2.17E+07,2.39E+07,2.17E+07,1.92E+07,7960822,1.68E+07,1.85E+07,1.65E+07,2.15E+07
,0,153,0,147.0617,13.36829,0.1813329,C13N15-label-1-1,glutamine,glutamine,C5H10N2O3,0.06829166,3.52775,145.0615,0,1157.568,0,0,0,3972.368,3161.75,0,0,2947.041,0,0,0
,0,154,6,146.0647,13.34693,0.83746,C13-label-1,glutamine,glutamine,C5H10N2O3,0.0469265,3.447365,145.0615,0,364917.7,509160.9,525220,621039.4,507860.7,456620.6,594427.1,377948.6,505627.9,296652.3,472933.3,583464.9
,0,155,5,147.068,13.32905,0.8302503,C13-label-2,glutamine,glutamine,C5H10N2O3,0.02905273,3.94261,145.0615,0,3488.863,24662.97,8821.448,16193.02,7321.214,9332.909,5668.824,7395.529,6750.985,13644.82,8154.352,16712.16
,0,156,9,146.0583,13.35133,0.8483667,N15-label-1,glutamine,glutamine,C5H10N2O3,0.05133057,4.178804,145.0615,0,49582.73,49287.72,18624.3,44766.11,62333.58,58815.86,52882.72,34694.62,82495.49,72098.57,24288.44,44028.53
,0,157,1,147.0555,13.36128,0.7723076,N15-label-2,glutamine,glutamine,C5H10N2O3,0.06128407,3.112854,145.0615,0,0,0,23556.03,0,0,7670.002,0,0,19679.92,0,0,29209.97
,0,158,13,145.0979,17.30459,0.8384352,C12 PARENT,lysine,lysine,C6H14N2O2,0.2254086,2.313559,145.0979,8084.469,281332.9,815714.7,470538.2,557762.2,549924.1,365928.5,822895.8,226361.9,739764.8,344094.5,325406.5,582777.4
,0,159,12,146.1013,17.28703,0.8414221,C13-label-1,lysine,lysine,C6H14N2O2,0.2429695,2.088791,145.0979,0,14922.9,52716.1,32889.29,33681.31,35230.45,23376.18,52655.97,13450.51,49593.82,19454.05,22759.28,37117.4
,0,160,0,147.1047,17.293,0.06594247,C13-label-2,lysine,lysine,C6H14N2O2,0.2369995,2.074544,145.0979,0,0,0,771.6408,649.6206,653.7253,0,0,0,0,0,0,0
,0,161,2,146.0949,17.3288,0.7123073,N15-label-1,lysine,lysine,C6H14N2O2,0.2011967,2.506658,145.0979,0,669.9623,2004.619,811.5912,795.4781,1638.398,0,3271.062,528.6506,2365.688,483.958,2088.194,1510.051
,0,162,12,146.0455,10.36835,0.8182017,C12 PARENT,N-Acetylserine,N-Acetylserine,C5H9NO4,0.1416512,2.507506,146.0455,14389.42,268211.1,2063754,1316528,1415508,1354429,1455729,1330098,398995,614568.5,659575.4,491996.7,632730.8
,0,163,0,148.046,9.586363,0.07639229,C13N15-label-1-1,N-Acetylserine,N-Acetylserine,C5H9NO4,0.9236374,2.061354,146.0455,0,0,0,613.3928,0,1384.105,0,0,818.0905,709.4102,0,0,0
,0,164,12,149.0492,10.32753,0.8463949,C13N15-label-2-1,N-Acetylserine,N-Acetylserine,C5H9NO4,0.1824732,3.071217,146.0455,0,9341.118,83365.01,46750.69,63163.89,77526.65,58081.54,44999.36,17654.26,36168.25,39984.57,26219.16,37324.33
,0,165,5,150.0526,10.13829,0.8221209,C13N15-label-3-1,N-Acetylserine,N-Acetylserine,C5H9NO4,0.3717089,2.542234,146.0455,0,1131.126,1365.748,9222,1642.205,0,1446.198,620.4586,924248.2,1587148,1742510,1287940,1585810
,0,166,5,151.0559,10.33942,0.8458212,C13N15-label-4-1,N-Acetylserine,N-Acetylserine,C5H9NO4,0.1705761,2.727375,146.0455,0,0,0,0,0,0,0,0,16296.36,32885.4,37296.7,21193.05,32146.39
,0,167,0,152.0593,10.32888,0.4653957,C13N15-label-5-1,N-Acetylserine,N-Acetylserine,C5H9NO4,0.1811228,2.408337,146.0455,0,0,0,0,0,0,0,0,6644.485,13862.25,3527.133,1235.951,1904.778
,0,168,11,147.0489,10.32969,0.8441556,C13-label-1,N-Acetylserine,N-Acetylserine,C5H9NO4,0.1803122,2.179097,146.0455,0,12659.53,103199.6,67843.85,74206.84,76570.04,79100.77,68494.76,33925.99,46776.56,65835.37,50728.55,54628.75
,0,169,0,148.0523,10.12249,0.09385557,C13-label-2,N-Acetylserine,N-Acetylserine,C5H9NO4,0.3875132,1.855139,146.0455,0,0,2259.036,4947.085,0,0,558.0228,959.6306,604.9473,0,0,0,0
,0,170,5,149.0556,10.33412,0.84359,C13-label-3,N-Acetylserine,N-Acetylserine,C5H9NO4,0.1758804,2.559239,146.0455,0,0,0,0,0,0,0,0,20820.66,29441.78,21467.29,17096.83,19142.75
,0,171,0,151.0622,10.31377,0.05202943,C13-label-5,N-Acetylserine,N-Acetylserine,C5H9NO4,0.1962328,3.1313,146.0455,0,0,0,0,0,965.4999,0,0,0,0,0,0,0
,0,172,3,147.0425,10.32507,0.82806,N15-label-1,N-Acetylserine,N-Acetylserine,C5H9NO4,0.1849318,2.905588,146.0455,0,585.6016,9967.709,6658.273,3968.764,4649.197,4172.508,5474.697,18553.86,35805.96,7116.779,2879.346,5323.47
,0,173,13,146.0455,13.31095,0.8384017,C12 PARENT,glutamate,glutamate,C5H9NO4,0.1009455,2.716465,146.0455,63484.77,5.72E+07,1.64E+08,1.70E+08,1.71E+08,1.80E+08,1.85E+08,1.34E+08,8.27E+07,1.44E+08,1.65E+08,1.37E+08,1.62E+08
,0,174,10,148.0457,13.30542,0.8523111,C13N15-label-1-1,glutamate,glutamate,C5H9NO4,0.09541988,3.60737,146.0455,0,26522.98,71904.23,82098.49,28883.91,16225.99,37210.45,59894.52,633536.8,905374.6,669090.9,505110.6,510219.2
,0,175,2,149.0491,13.31062,0.8445653,C13N15-label-2-1,glutamate,glutamate,C5H9NO4,0.1006231,3.378338,146.0455,0,0,0,0,0,0,0,0,40523.56,51881.92,12470.1,0,0
,0,176,12,147.0488,13.31291,0.8399706,C13-label-1,glutamate,glutamate,C5H9NO4,0.1029062,3.216762,146.0455,1282.212,3345629,9399062,9786935,9910688,1.05E+07,1.08E+07,7874694,4722946,8294116,9487616,7965332,9027192
,0,177,12,148.052,13.31128,0.8527601,C13-label-2,glutamate,glutamate,C5H9NO4,0.1012764,4.328659,146.0455,0,62711.98,157262.1,184488.4,190137,195635,233704.6,150469.5,350636.4,624577.6,273879.8,234534.8,233962
,0,178,0,149.0553,13.31051,0.08256564,C13-label-3,glutamate,glutamate,C5H9NO4,0.1005058,4.299521,146.0455,0,0,0,0,0,0,0,0,3951.697,20244.95,5507.578,0,0
,0,179,12,147.0425,13.31487,0.8424784,N15-label-1,glutamate,glutamate,C5H9NO4,0.1048746,2.905588,146.0455,1646.313,552356.8,1677380,1379156,831529.3,807435.4,798325,1268455,1.11E+07,1.64E+07,1.25E+07,8675713,9613891
,0,180,12,147.0295,13.16512,0.8316844,C12 PARENT,2-hydroxyglutarate,2-hydroxyglutarate,C5H8O5,1.135122,2.386944,147.0295,53675.63,790452.3,4498545,3337592,6964156,7277394,7468608,2434747,1091282,2297359,6333548,4706460,5317056
,0,181,12,148.0329,13.16709,0.8557401,C13-label-1,2-hydroxyglutarate,2-hydroxyglutarate,C5H8O5,1.137088,2.370766,147.0295,628.5649,41654.25,259422.1,176723.4,376851.2,393947.1,412669.7,145240.8,50531.21,130490.1,336415.5,266307.7,289025.8
,0,182,0,149.0361,13.10941,0.3654979,C13-label-2,2-hydroxyglutarate,2-hydroxyglutarate,C5H8O5,1.079409,3.173868,147.0295,0,0,2619.892,2929.896,4787.818,5240.623,9229.958,1115.266,2774.141,5417.034,8182.975,3084.728,5485.546
,0,183,0,150.0398,13.13263,0.05833609,C13-label-3,2-hydroxyglutarate,2-hydroxyglutarate,C5H8O5,1.102634,1.322076,147.0295,0,0,0,669.2351,0,0,0,0,0,0,0,0,0
,0,184,12,148.0435,10.1383,0.8388,C12 PARENT,methionine,methionine,C5H11NO2S,0.1583052,2.164458,148.0435,0,507388.5,1159229,892776.8,1086018,1004221,786143.5,1438706,476608.5,1235834,819946.5,643744.5,1028156
,0,185,8,149.0466,10.13618,0.8359296,C13-label-1,methionine,methionine,C5H11NO2S,0.1561794,3.378395,148.0435,0,25733.83,67848.7,57075.94,55225.04,55466.38,43432,79044.04,28634.87,68223.03,54252.02,41488.48,54248.42
,0,186,0,150.0501,10.13991,0.05252527,C13-label-2,methionine,methionine,C5H11NO2S,0.1599112,2.643967,148.0435,0,0,677.4086,0,527.9156,0,0,659.2768,733.9512,0,0,0,849.6346
,0,187,0,152.0574,10.21897,0.06262856,C13-label-4,methionine,methionine,C5H11NO2S,0.2389679,1.705933,148.0435,0,0,764.9974,0,0,0,0,0,0,0,0,0,0
,0,188,5,149.0404,10.13591,0.8215401,N15-label-1,methionine,methionine,C5H11NO2S,0.1559114,2.764259,148.0435,0,468.0833,2409.195,2050.026,3221.791,1078.869,2840.977,2147.653,0,2281.006,3887.874,1145.708,3938.33
,0,189,12,151.0258,7.982098,0.851622,C12 PARENT,xanthine,xanthine,C5H4N4O2,0.2679019,2.323784,151.0258,1469.594,60375.14,116029.4,85573.12,112399.2,74850.36,73038.24,185822.6,27445.1,148322.8,61962.89,53814.43,120884.2
,0,190,0,155.0207,7.890667,0.05536962,C13N15-label-1-3,xanthine,xanthine,C5H4N4O2,0.359333,0.689015,151.0258,0,0,0,0,0,0,0,0,0,0,0,0,1846.377
,0,191,1,154.0295,7.949665,0.8150849,C13N15-label-2-1,xanthine,xanthine,C5H4N4O2,0.3003354,2.377532,151.0258,0,1026.815,907.1341,558.2469,1603.156,629.7058,542.5763,4681.622,0,0,0,0,0
,0,192,1,155.026,8.021701,0.7790771,C13N15-label-2-2,xanthine,xanthine,C5H4N4O2,0.2282991,5.807175,151.0258,0,0,0,0,0,0,0,0,0,5122.099,0,0,0
,0,193,1,155.0322,7.936767,0.6624463,C13N15-label-3-1,xanthine,xanthine,C5H4N4O2,0.3132329,6.495897,151.0258,0,0,0,0,0,0,0,0,0,0,0,2752.355,0
,0,194,0,156.0299,8.218667,0.07806353,C13N15-label-3-2,xanthine,xanthine,C5H4N4O2,0.03133297,2.640432,151.0258,0,0,0,0,0,0,0,0,5470.635,0,0,0,0
,0,195,1,156.0363,7.950926,0.6775627,C13N15-label-4-1,xanthine,xanthine,C5H4N4O2,0.2990742,1.955796,151.0258,0,0,0,0,0,0,0,0,0,2822.231,1949.055,1500.405,543.208
,0,196,0,157.033,7.9012,0.06376736,C13N15-label-4-2,xanthine,xanthine,C5H4N4O2,0.3487997,4.081095,151.0258,0,0,0,0,499.9796,0,0,0,0,0,0,0,0
,0,197,6,152.0291,7.965551,0.8466602,C13-label-1,xanthine,xanthine,C5H4N4O2,0.2844486,2.408815,151.0258,0,1650.842,5557.72,3391.036,2495.007,1693.826,2406.443,6775.454,0,6776.857,2515.115,942.8765,8287.212
,0,198,0,153.032,7.95595,0.1189146,C13-label-2,xanthine,xanthine,C5H4N4O2,0.2940497,5.28459,151.0258,0,0,0,0,0,0,0,3278.444,0,0,2746.618,0,0
,0,199,0,152.0228,7.942091,0.126124,N15-label-1,xanthine,xanthine,C5H4N4O2,0.3079095,2.208172,151.0258,0,667.77,0,1604.083,561.851,0,0,851.2641,0,945.1043,0,0,0
,0,200,0,153.0192,7.917017,0.0907466,N15-label-2,xanthine,xanthine,C5H4N4O2,0.332983,6.880506,151.0258,0,1789.522,0,0,0,0,0,0,0,0,0,0,0
,0,201,4,154.0619,13.99418,0.7126229,C12 PARENT,histidine,histidine,C6H9N3O2,0.245822,2.079904,154.0619,16675.05,120506.7,214761.6,163120,184376.1,168697.9,138901.3,301881.2,93556.41,200977.4,155219.7,102293.9,170185.5
,0,202,0,158.0568,13.9745,0.0539069,C13N15-label-1-3,histidine,histidine,C6H9N3O2,0.2655001,0.77232,154.0619,0,911.6293,1123.707,1226.657,757.008,1247.149,1179.744,1259.066,1354.837,2318.591,1109.347,358.5463,3080.56
,0,203,3,155.0651,13.98137,0.794336,C13-label-1,histidine,histidine,C6H9N3O2,0.2586308,3.050468,154.0619,6447.112,10695.1,9781.582,4642.638,12548.07,7146.98,11100.53,14427.41,2429.627,11405.75,10716.37,3336.366,8789.851
,0,204,0,155.0589,13.78746,0.1187864,N15-label-1,histidine,histidine,C6H9N3O2,0.4525433,2.460155,154.0619,0,0,1182.628,0,0,0,0,781.2526,0,0,0,0,1798.458
,0,205,0,156.0564,14.30153,0.05155967,N15-label-2,histidine,histidine,C6H9N3O2,0.06153393,0.6844423,154.0619,713.6819,0,0,0,0,0,0,0,0,0,0,0,0
,0,206,0,157.0536,14.37632,0.05208018,N15-label-3,histidine,histidine,C6H9N3O2,0.1363211,2.040292,154.0619,0,784.0864,11720.28,25878.84,4307.96,14436.54,641.2748,10362.82,23576.18,1231.183,827.9658,6064.827,927.7629
,0,207,12,155.0093,7.080454,0.8539585,C12 PARENT,orotate,orotate,C5H4N2O4,0.7695456,3.24844,155.0093,0,80872.91,414699.5,258781.3,90750.7,228334.7,119095.4,225857.2,215212.3,233364,125112.9,188804.8,178413.1
,0,208,0,157.011,7.087305,0.09451451,C13N15-label-1-1,orotate,orotate,C5H4N2O4,0.7626953,5.053537,155.0093,0,0,1759.116,0,2059.688,0,0,0,0,0,14979.38,0,737.0027
,0,209,0,160.0149,7.018,0.06002963,C13N15-label-3-2,orotate,orotate,C5H4N2O4,0.8319998,5.626187,155.0093,0,0,0,0,0,0,0,0,0,0,0,0,896.2078
,0,210,8,156.0128,7.039803,0.847102,C13-label-1,orotate,orotate,C5H4N2O4,0.8101969,2.347308,155.0093,0,3776.564,22023.28,15304.06,0,8147.52,3319.337,9602.605,8929.103,9519.806,2882.656,8204.49,9581.14
,0,211,0,158.0204,6.989384,0.1448204,C13-label-3,orotate,orotate,C5H4N2O4,0.8606162,2.896874,155.0093,0,0,0,0,0,0,0,0,0,771.5413,0,0,936.1606
,0,212,2,156.0065,7.116367,0.8282701,N15-label-1,orotate,orotate,C5H4N2O4,0.7336326,2.053977,155.0093,0,0,0,0,0,0,0,0,27594.1,13009.19,0,4875.952,0
,0,213,12,157.025,9.193713,0.8488367,C12 PARENT,L-Hydroorotic acid,L-Hydroorotic acid,C5H6N2O4,0.01628685,3.012393,157.025,3178.852,32322.48,136053.7,113368.3,79246.26,67979.79,78350.7,102075.1,77219.34,89103.21,97847.18,120979.6,43965.86
,0,214,0,159.0256,9.502151,0.1383153,C13N15-label-1-1,L-Hydroorotic acid,L-Hydroorotic acid,C5H6N2O4,0.2921505,1.823081,157.025,0,0,0,0,0,0,0,0,777.9542,0,0,0,0
,0,215,1,158.0284,9.167802,0.8300292,C13-label-1,L-Hydroorotic acid,L-Hydroorotic acid,C5H6N2O4,0.04219818,2.89671,157.025,0,1191.079,9362.304,2580.847,1662.007,6118.706,1565.599,2078.464,1524.425,2290.069,1486.813,2973.712,2322.353
,0,216,3,158.0221,9.188364,0.8480195,N15-label-1,L-Hydroorotic acid,L-Hydroorotic acid,C5H6N2O4,0.02163601,2.703704,157.025,0,0,0,0,0,0,0,1171.289,9695.59,10520.26,4147.759,2217.845,518.1965
,0,217,12,158.0607,2.65421,0.8249527,C12 PARENT,Indole-3-acetaldehyde,Indole-3-acetaldehyde,C10H9NO,0.004210234,2.703043,158.0607,732.97,94844.9,240778.8,251593.1,211181.3,181489.5,151499.9,1944827,301813.8,569861.3,296727.1,147548,199237.2
,0,218,10,159.0642,2.670675,0.847105,C13-label-1,Indole-3-acetaldehyde,Indole-3-acetaldehyde,C10H9NO,0.02067518,1.822638,158.0607,0,10435.47,4302.732,29349.34,27531.07,11789,11034.27,204569,28229.88,60126.91,24080.45,12385.44,11335.85
,0,219,0,160.0674,2.661525,0.1035237,C13-label-2,Indole-3-acetaldehyde,Indole-3-acetaldehyde,C10H9NO,0.01152515,2.573829,158.0607,0,0,0,0,0,0,0,8449.346,1189.319,0,0,0,0
,0,220,0,164.0824,2.613984,0.1056586,C13-label-6,Indole-3-acetaldehyde,Indole-3-acetaldehyde,C10H9NO,0.03601646,6.695662,158.0607,0,0,0,0,0,0,0,0,0,0,3005.935,0,0
,0,221,0,167.0905,2.665933,0.1311356,C13-label-9,Indole-3-acetaldehyde,Indole-3-acetaldehyde,C10H9NO,0.01593328,4.839963,158.0607,0,1263.709,0,0,0,0,0,0,0,0,0,0,0
,0,222,0,159.0578,2.711333,0.1403616,N15-label-1,Indole-3-acetaldehyde,Indole-3-acetaldehyde,C10H9NO,0.06133318,2.206439,158.0607,0,0,0,0,0,0,0,2876.936,0,0,0,0,0
,0,223,11,161.0452,12.85159,0.821005,C12 PARENT,2-Hydroxyhexanedioic Acid ,2-Hydroxyhexanedioic Acid ,C6H10O5,0.2184076,2.463455,161.0452,77278.13,201063,543925,477549.8,283188,255445.1,307711.1,557575.4,281215.2,440418.6,310284.1,273932.7,230136.8
,0,224,11,162.0486,12.84376,0.8380038,C13-label-1,2-Hydroxyhexanedioic Acid ,2-Hydroxyhexanedioic Acid ,C6H10O5,0.226243,2.165718,161.0452,4084.297,12076.07,28561.11,25947.3,11709.73,9326.81,17239.45,35998.82,12886.87,26076.25,10115.48,11929,11011.16
,0,225,0,163.0527,12.71028,0.05100526,C13-label-2,2-Hydroxyhexanedioic Acid ,2-Hydroxyhexanedioic Acid ,C6H10O5,0.3597155,2.99463,161.0452,0,0,0,0,0,0,0,502.1823,0,0,0,0,0
,0,226,0,166.0618,12.79538,0.05925452,C13-label-5,2-Hydroxyhexanedioic Acid ,2-Hydroxyhexanedioic Acid ,C6H10O5,0.2746162,2.94035,161.0452,0,2349.128,0,2313.678,0,0,0,0,0,0,0,0,0
,0,227,0,167.0652,13.12898,0.05156593,C13-label-6,2-Hydroxyhexanedioic Acid ,2-Hydroxyhexanedioic Acid ,C6H10O5,0.05898476,2.831356,161.0452,711.634,0,0,0,0,0,0,0,0,0,0,0,0
,0,228,12,164.0383,13.11639,0.8519778,C12 PARENT,Methionine sulfoxide,Methionine sulfoxide,C5H11NO3S,0.1363878,2.046428,164.0383,0,22883.14,80818.84,65491.96,62111.86,61143.31,50376.83,73462.84,18968.24,65232.61,45044.26,32482.77,56194.24
,0,229,0,166.0401,13.15337,0.0523858,C13N15-label-1-1,Methionine sulfoxide,Methionine sulfoxide,C5H11NO3S,0.1733685,6.06532,164.0383,0,0,0,0,0,0,0,0,0,0,0,0,1880.827
,0,230,12,164.0714,8.516352,0.8214034,C12 PARENT,phenylalanine,phenylalanine,C9H11NO2,0.1436481,2.046016,164.0714,8643.565,1481613,3783423,2865007,3246076,3001247,2486531,4496488,1545928,3980045,2755699,2075747,3319550
,0,231,0,166.0718,8.508251,0.07637789,C13N15-label-1-1,phenylalanine,phenylalanine,C9H11NO2,0.1517487,2.021371,164.0714,0,0,0,0,1197.908,0,0,566.7775,0,930.5901,572.4953,0,0
,0,232,12,165.0746,8.525014,0.8292497,C13-label-1,phenylalanine,phenylalanine,C9H11NO2,0.1349859,2.773064,164.0714,490.0592,153918,372723,294174.7,338074.5,307717.3,246408.7,441141.4,152254.3,375469,270115.2,216437.6,341744
,0,233,12,166.078,8.495126,0.8408943,C13-label-2,phenylalanine,phenylalanine,C9H11NO2,0.1648741,2.572556,164.0714,0,5125.932,17378.54,10353.64,8474.797,11875.59,10861.59,18201.43,4903.882,16784.12,9421.052,7189.525,13330.38
,0,234,0,168.0856,8.523268,0.1248092,C13-label-4,phenylalanine,phenylalanine,C9H11NO2,0.1367321,2.723404,164.0714,0,0,0,507.8178,0,0,0,0,0,0,0,0,543.733
,0,235,0,170.093,8.448833,0.06562041,C13-label-6,phenylalanine,phenylalanine,C9H11NO2,0.2111664,6.907603,164.0714,0,0,0,0,0,0,0,588.604,0,0,0,0,0
,0,236,12,165.0683,8.487115,0.8432499,N15-label-1,phenylalanine,phenylalanine,C9H11NO2,0.1728849,2.680731,164.0714,0,2749.15,12168.77,7271.656,8405.175,9527.997,7168.18,14045.41,3028.708,12412.62,9239.591,5251.612,11504.35
,0,237,12,166.9747,13.83608,0.8491706,C12 PARENT,phosphoenolpyruvate,phosphoenolpyruvate,C3H5O6P,0.02392006,2.375974,166.9747,627.0659,18314.36,130858.7,65774.67,139894.5,66793.41,177310,105497.9,28678.33,105232.6,97961.62,93562.21,87082.05
,0,238,0,167.9779,13.88652,0.1535,C13-label-1,phosphoenolpyruvate,phosphoenolpyruvate,C3H5O6P,0.02651691,3.27016,166.9747,0,0,0,0,0,0,3853.638,0,0,2676.076,0,0,0
,0,239,12,168.9904,13.63712,0.816565,C12 PARENT,Glyceraldehyde-3-phosphate,Glyceraldehyde-3-phosphate,C3H7O6P,0.09288025,2.257341,168.9904,0,180236.5,687906.4,504971.1,633572.4,527520.6,660920.9,503846.2,196595.5,448357.8,559715.2,513046.3,616026.9
,0,240,10,169.9938,13.65431,0.8482332,C13-label-1,Glyceraldehyde-3-phosphate,Glyceraldehyde-3-phosphate,C3H7O6P,0.07568741,2.064496,168.9904,0,3734.225,13472.98,11900.42,19966.83,16811.44,16966.92,19502.45,1340.3,15657.33,21571.29,11837.22,20156.96
,0,241,0,170.997,13.6045,0.05962844,C13-label-2,Glyceraldehyde-3-phosphate,Glyceraldehyde-3-phosphate,C3H7O6P,0.1254988,2.587786,168.9904,0,0,0,0,794.3711,0,0,0,0,0,0,0,0
,0,242,0,172.0007,13.6937,0.1883667,C13-label-3,Glyceraldehyde-3-phosphate,Glyceraldehyde-3-phosphate,C3H7O6P,0.03630352,0.7984213,168.9904,0,0,2939.101,0,0,0,0,0,1085.416,2759.369,1906.484,0,0
,0,243,13,171.006,13.58151,0.829368,C12 PARENT,sn-glycerol-3-phosphate,sn-glycerol-3-phosphate,C3H9O6P,0.02151394,2.052275,171.006,46464.22,112475.4,350872.2,303118.2,364293,408109.2,430256.8,320631.8,156029.6,234657.6,346175.9,344019.9,365801.3
,0,244,10,172.0095,13.60068,0.8486155,C13-label-1,sn-glycerol-3-phosphate,sn-glycerol-3-phosphate,C3H9O6P,0.04068184,1.508051,171.006,711.6384,609.0487,11774.11,5820.89,6821.197,12431.52,13019.64,10896.23,5241.365,8617.822,7782.251,6122.35,8653.193
,0,245,0,173.0126,13.56277,0.1165675,C13-label-2,sn-glycerol-3-phosphate,sn-glycerol-3-phosphate,C3H9O6P,0.002766609,2.99861,171.006,0,378.3361,0,0,0,0,0,0,0,0,0,0,0
,0,246,13,173.0087,13.54767,0.827401,C12 PARENT,Aconitic acid,Aconitic acid,C6H6O6,0.03767014,2.645893,173.0087,8457.898,327175,1469934,1626876,1019485,1137593,1293768,1281858,443298,1354961,1134709,919117.2,1429508
,0,247,10,174.0121,13.53738,0.836017,C13-label-1,Aconitic acid,Aconitic acid,C6H6O6,0.02737999,2.455261,173.0087,0,19039.62,99368.94,93085.48,67433.95,72338.48,75289.24,65944.63,21298.19,75373.02,69434.55,56998.52,78028.57
,0,248,1,175.0154,13.53606,0.8495005,C13-label-2,Aconitic acid,Aconitic acid,C6H6O6,0.0260582,2.964296,173.0087,0,0,0,2992.52,0,0,0,0,4475.732,18297.25,2926.222,0,4440.53
,0,249,13,173.0563,11.40607,0.8306612,C12 PARENT,N-Acetyl-L-asparagine,N-Acetyl-L-asparagine,C6H10N2O4,0.7660704,2.556993,173.0564,6625.648,23176.51,101426.5,99924.91,105352.4,95065.56,109803.9,84320.16,43667.81,69045.62,87486.6,59554.86,76741.99
,0,250,0,177.0585,11.49902,0.05055918,C13N15-label-2-2,N-Acetyl-L-asparagine,N-Acetyl-L-asparagine,C6H10N2O4,0.8590164,5.170789,173.0564,0,0,0,0,0,388.2113,0,0,0,0,0,0,0
,0,251,0,179.071,11.46783,0.04733383,C13N15-label-5-1,N-Acetyl-L-asparagine,N-Acetyl-L-asparagine,C6H10N2O4,0.8278341,2.556331,173.0564,0,0,0,0,0,0,0,0,0,0,6956.953,0,0
,0,252,2,174.0597,11.45595,0.7539141,C13-label-1,N-Acetyl-L-asparagine,N-Acetyl-L-asparagine,C6H10N2O4,0.8159513,2.542253,173.0564,0,404.5327,3853.288,1768.088,5378.539,5426.223,6031.158,3364.405,1433.83,2032.033,3383.512,1964.478,3524.153
,0,253,0,176.0669,11.46203,0.05493091,C13-label-3,N-Acetyl-L-asparagine,N-Acetyl-L-asparagine,C6H10N2O4,0.8220253,0.5199885,173.0564,0,0,0,0,417.693,0,412.8022,0,0,0,0,0,0
,0,254,0,174.0535,11.43225,0.1179076,N15-label-1,N-Acetyl-L-asparagine,N-Acetyl-L-asparagine,C6H10N2O4,0.7922506,1.665674,173.0564,0,0,0,0,0,0,0,453.0638,0,363.563,0,0,0
,0,255,13,173.104,17.19603,0.828517,C12 PARENT,arginine,arginine,C6H14N4O2,0.6739731,2.379993,173.104,3580.419,2951318,8429760,5062022,6146428,5711520,3901955,9500027,2678358,7919600,4165124,3500575,5778820
,0,256,5,175.1043,17.21512,0.8461022,C13N15-label-1-1,arginine,arginine,C6H14N4O2,0.6548805,2.614227,173.104,0,1827.734,7964.301,3215.303,3314.023,4067.025,1477.485,5622.728,0,8218.649,664.4466,1798.833,6513.279
,0,257,0,178.095,17.19308,0.0613151,C13N15-label-1-4,arginine,arginine,C6H14N4O2,0.6769161,5.054965,173.104,0,0,0,0,0,0,0,0,947.752,2048.425,0,0,0
,0,258,0,176.1075,17.28617,0.08157359,C13N15-label-2-1,arginine,arginine,C6H14N4O2,0.5838318,3.72571,173.104,0,489.249,0,0,0,0,0,0,0,0,0,0,0
,0,259,0,180.1027,17.20222,0.05217448,C13N15-label-3-4,arginine,arginine,C6H14N4O2,0.6677761,0.4236138,173.104,0,0,0,0,656.4351,0,0,1052.517,748.9999,0,0,0,0
,0,260,12,174.1073,17.19061,0.8525099,C13-label-1,arginine,arginine,C6H14N4O2,0.67939,2.629197,173.104,0,204086.2,555160.1,322818.8,398864.4,389529.9,250992,614825.1,181184.7,536052.2,223156.4,231397,380634.4
,0,261,11,175.1106,17.20107,0.8445116,C13-label-2,arginine,arginine,C6H14N4O2,0.6689301,3.049821,173.104,0,3506.889,12650.02,9751.063,8920.812,6844.293,3531.27,12260.97,2671.929,15709.46,5449.347,4994.648,9592.215
,0,262,12,174.101,17.19061,0.8517303,N15-label-1,arginine,arginine,C6H14N4O2,0.679388,2.366364,173.104,0,38125.52,118610.5,67372.66,77327.27,77658.12,49131.47,139177.2,39544.25,112522,47371.36,47647.47,83091.54
,0,263,0,177.0917,17.19613,0.06476315,N15-label-4,arginine,arginine,C6H14N4O2,0.673872,4.825117,173.104,22849.25,20503.66,28230.9,25951.64,28200.81,27250.48,28026.67,27681.27,27456.38,25161.23,16439.36,23011.97,24965.88
,0,264,12,174.0403,13.12869,0.8528858,C12 PARENT,N-Acetylaspartic acid,N-Acetylaspartic acid,C6H9NO5,0.8386946,2.630209,174.0403,15375.12,89448.53,390912.8,418690.3,245861.2,245860.6,318448.6,311131,163558.2,336972.1,300347.2,208252.2,286402.5
,0,265,0,177.0449,13.22108,0.1553223,C13N15-label-2-1,N-Acetylaspartic acid,N-Acetylaspartic acid,C6H9NO5,0.9310846,2.068468,174.0403,0,0,0,0,0,0,0,0,0,1125.809,0,0,0
,0,266,1,175.0437,13.13084,0.843356,C13-label-1,N-Acetylaspartic acid,N-Acetylaspartic acid,C6H9NO5,0.8408365,2.440791,174.0403,0,4701.735,21449.08,17555.81,15644.47,12168.12,18699.81,16531.99,7817.32,19014.02,14850.28,13428.89,16694.55
,0,267,1,175.0374,13.13457,0.8499315,N15-label-1,N-Acetylaspartic acid,N-Acetylaspartic acid,C6H9NO5,0.8445673,2.179356,174.0403,0,0,669.5854,0,0,0,0,761.8386,10177.8,16561.65,6469.005,2245.375,2798.175
,0,268,11,175.0355,13.38897,0.8525567,C12 PARENT,Ureidosuccinic acid (carbamoylAspartate),Ureidosuccinic acid (carbamoylAspartate),C5H8N2O5,0.09102821,3.051129,175.0355,565.4708,25942.54,151522.4,132401.5,120397,136272.8,63894.62,109567.8,46325.39,88155.66,139458.5,108457.8,74224.67
,0,269,0,176.0388,13.38787,0.05267536,C13-label-1,Ureidosuccinic acid (carbamoylAspartate),Ureidosuccinic acid (carbamoylAspartate),C5H8N2O5,0.09213257,3.553809,175.0355,0,0,1464.498,0,0,0,0,0,0,0,0,0,0
,0,270,0,176.0325,13.35191,0.1310059,N15-label-1,Ureidosuccinic acid (carbamoylAspartate),Ureidosuccinic acid (carbamoylAspartate),C5H8N2O5,0.128087,3.033848,175.0355,0,0,0,0,0,0,0,0,4748.904,0,5336.458,2908.64,0
,0,271,12,179.0557,13.81159,0.8310248,C12 PARENT,myo-inositol,myo-inositol,C6H12O6,0.04841423,2.47132,179.0557,36864.12,1109214,2263663,2123022,2401763,2156775,2098437,2789830,938814.3,2425018,2026337,1551522,2194953
,0,272,12,180.0591,13.79557,0.8491907,C13-label-1,myo-inositol,myo-inositol,C6H12O6,0.06443119,2.20332,179.0557,1647.448,62192.82,135010.4,135008.3,135843.4,134080.8,140901,177170,69623.05,142982.5,108129.9,92521.41,133559.4
,0,273,0,181.0619,13.84338,0.05368911,C13-label-2,myo-inositol,myo-inositol,C6H12O6,0.0166235,5.309227,179.0557,0,0,2643.725,0,0,0,0,0,0,0,4085.823,0,0
,0,274,12,179.0557,11.89157,0.8409892,C12 PARENT,Glucose,Glucose,C6H12O6,0.141573,2.300884,179.0557,31741.41,8086402,1.49E+07,6830244,1.14E+07,1.08E+07,3921619,2.04E+07,3047587,1.57E+07,3652824,5192696,1.14E+07
,0,275,12,180.0591,11.88185,0.8424026,C13-label-1,Glucose,Glucose,C6H12O6,0.1318502,2.033833,179.0557,1375.449,553531.9,1017137,477172.7,726961.5,722260.8,274437.6,1354792,195441.9,1052331,249826.5,340481,775116.2
,0,276,10,181.0621,11.85993,0.8429296,C13-label-2,Glucose,Glucose,C6H12O6,0.1099329,3.876579,179.0557,0,12609.87,16030.91,7595.496,13864.84,16551.25,0,30170.67,3877.508,23956.1,6641.235,8911.931,20112.5
,0,277,12,180.0662,10.84899,0.8081869,C12 PARENT,tyrosine,tyrosine,C9H11NO3,0.1189928,2.372711,180.0662,31259.1,1242993,2856373,2277103,2623130,2291350,1965668,2963367,1094088,2850555,2217452,1623150,2508998
,0,278,0,182.0679,10.98705,0.09588262,C13N15-label-1-1,tyrosine,tyrosine,C9H11NO3,0.2570515,5.112328,180.0662,0,0,0,0,0,0,0,0,0,0,0,1175.156,0
,0,279,11,181.0696,10.87029,0.8207879,C13-label-1,tyrosine,tyrosine,C9H11NO3,0.1402903,2.106753,180.0662,0,103413.4,283782.3,212086.5,259248.1,216454.7,191486.2,298162.7,103703,285397.2,205443.6,139473.2,250534.7
,0,280,2,182.0727,10.92536,0.8077219,C13-label-2,tyrosine,tyrosine,C9H11NO3,0.1953602,3.184618,180.0662,0,0,0,0,0,0,0,0,1960.456,0,7221.996,0,0
,0,281,8,181.0633,10.87828,0.8431681,N15-label-1,tyrosine,tyrosine,C9H11NO3,0.1482782,2.106827,180.0662,0,0,4537.502,5783.81,5168.341,9053.23,5180.84,10503.01,0,8969.326,2671.806,3103.676,5346.969
,0,282,12,182.0583,14.32837,0.853044,C12 PARENT,Phosphorylcholine,Phosphorylcholine,C5H14NO4P,0.02836895,2.514373,182.0583,0,47906.75,159836.2,192492,122352.3,99294.48,111425.6,167046.9,90287.35,181691.6,143412.2,73185.6,99687.68
,0,283,0,188.0713,14.31165,0.0843673,C13N15-label-5-1,Phosphorylcholine,Phosphorylcholine,C5H14NO4P,0.01165009,6.977391,182.0583,0,0,0,0,0,0,0,901.3337,0,0,0,0,0
,0,284,4,183.0616,14.36043,0.8355925,C13-label-1,Phosphorylcholine,Phosphorylcholine,C5H14NO4P,0.06043148,2.667298,182.0583,0,756.7432,5525.174,6522.801,6412.86,0,2825.683,8570.962,0,0,0,0,0
,0,285,0,184.0651,14.43588,0.074701,C13-label-2,Phosphorylcholine,Phosphorylcholine,C5H14NO4P,0.1358843,2.072468,182.0583,0,0,0,0,657.539,0,0,0,0,0,0,0,0
,0,286,10,184.0012,13.86088,0.8497338,C12 PARENT,Phosphoserine,Phosphoserine,C3H8NO6P,0.05088234,2.653679,184.0012,0,62832.28,235885.2,347756.3,45391.83,33621.54,45441.33,268736.2,21232.24,48893.97,9964.137,4547.982,8025.583
,0,287,0,186.0016,13.87338,0.1486172,C13N15-label-1-1,Phosphoserine,Phosphoserine,C3H8NO6P,0.06338406,2.461068,184.0012,0,1037.565,0,0,0,0,0,0,0,0,0,0,0
,0,288,4,187.005,13.85724,0.8373441,C13N15-label-2-1,Phosphoserine,Phosphoserine,C3H8NO6P,0.0472393,2.121482,184.0012,0,3872.619,23544.52,29671.61,4213.269,1962.357,0,22402.15,3188.327,12886.58,0,0,0
,0,289,3,188.0083,13.88334,0.8561898,C13N15-label-3-1,Phosphoserine,Phosphoserine,C3H8NO6P,0.07333851,2.11016,184.0012,0,0,0,0,0,0,0,0,283313.2,770842.5,248011.5,0,0
,0,290,1,185.0045,13.83827,0.7981028,C13-label-1,Phosphoserine,Phosphoserine,C3H8NO6P,0.02827072,2.639287,184.0012,0,882.9577,3332.567,7742.627,0,0,0,2691.752,1811.791,6499.48,1272.455,0,0
,0,291,2,187.0114,13.8914,0.8102433,C13-label-3,Phosphoserine,Phosphoserine,C3H8NO6P,0.08139992,1.958225,184.0012,0,0,0,0,0,0,0,0,6400.912,16477.45,3519.295,0,0
,0,292,2,184.9982,13.91552,0.8293133,N15-label-1,Phosphoserine,Phosphoserine,C3H8NO6P,0.1055164,2.391935,184.0012,0,0,0,2887.422,0,0,0,0,8073.418,21233.54,0,0,0
,0,293,13,191.0194,13.85631,0.8167087,C12 PARENT,citrate/isocitrate,citrate/isocitrate,C6H8O7,0.1236877,1.837256,191.0194,81975.85,3152901,1.53E+07,1.85E+07,1.02E+07,1.25E+07,1.43E+07,8048892,5778698,1.45E+07,1.12E+07,1.03E+07,1.39E+07
,0,294,12,192.0227,13.84841,0.8420483,C13-label-1,citrate/isocitrate,citrate/isocitrate,C6H8O7,0.1315899,1.907119,191.0194,5854.276,216422.2,1068011,1298612,706925.6,850558,1009190,576946,419135.8,1069549,794540.5,721482.8,991368
,0,295,12,193.0259,13.83444,0.8236668,C13-label-2,citrate/isocitrate,citrate/isocitrate,C6H8O7,0.1455584,2.924859,191.0194,0,11534.68,38874.07,38674.84,28171.17,23160.42,29151.71,34063.35,86801.09,195850.2,75092.32,49892.2,61505.12
,0,296,0,194.0293,13.8472,0.4814353,C13-label-3,citrate/isocitrate,citrate/isocitrate,C6H8O7,0.1328001,2.280603,191.0194,0,989.9412,3078.719,0,1840.741,3024.669,1828.156,4076.086,6485.109,18154.98,1609.398,5973.42,6539.867
,0,297,11,195.0332,13.92807,0.8309793,C13-label-4,citrate/isocitrate,citrate/isocitrate,C6H8O7,0.05192947,0.3911845,191.0194,0,17111.01,557340.9,173700.2,349043.2,324940.7,339574.7,202731.4,70555,273794.4,352619.2,355960.8,301682.2
,0,298,0,196.0359,13.84372,0.1345064,C13-label-5,citrate/isocitrate,citrate/isocitrate,C6H8O7,0.1362829,2.957786,191.0194,0,1885.369,0,1196.695,0,0,0,1444.82,1857.767,1207.437,3657.673,1839.77,2172.239
,0,299,8,197.0393,13.81754,0.849569,C13-label-6,citrate/isocitrate,citrate/isocitrate,C6H8O7,0.1624632,2.710404,191.0194,0,17095.59,17865.34,31853.38,31517.32,26971.02,35448.78,12755.15,18149.67,24360.46,20396.26,19842.56,26909.65
,0,300,12,199.0009,13.1899,0.8453846,C12 PARENT,D-erythrose-4-phosphate,D-erythrose-4-phosphate,C4H9O7P,0.570096,2.223628,199.0008,465.0033,33339.43,83343.27,65469.83,52693.35,85452.79,31557.88,86704.88,42126.64,51674.16,71666.38,37221.84,99486.93
,0,301,0,200.0043,13.23868,0.159563,C13-label-1,D-erythrose-4-phosphate,D-erythrose-4-phosphate,C4H9O7P,0.5213165,2.059888,199.0008,0,0,0,0,0,0,0,1369.685,0,0,0,0,0
,0,302,12,203.0822,8.523197,0.8277715,C12 PARENT,tryptophan,tryptophan,C11H12N2O2,0.07680321,1.953533,203.0822,388.9896,550644.1,1255382,1021038,1144572,1001755,880072.4,1395410,547862.2,1344374,954487.5,703230.2,1120218
,0,303,0,205.0825,8.499223,0.05482988,C13N15-label-1-1,tryptophan,tryptophan,C11H12N2O2,0.1007776,2.529702,203.0822,0,0,0,0,0,707.4483,0,0,0,561.728,0,0,693.6638
,0,304,0,206.0812,8.4715,0.07081152,C13N15-label-1-2,tryptophan,tryptophan,C11H12N2O2,0.1285,5.775356,203.0822,0,0,0,482.2831,0,0,0,0,0,0,0,0,0
,0,305,0,211.0972,8.463333,0.09215769,C13N15-label-6-2,tryptophan,tryptophan,C11H12N2O2,0.1366673,1.807084,203.0822,0,0,0,0,0,0,0,0,0,8851.164,0,0,0
,0,306,0,212.1006,8.623951,0.05583497,C13N15-label-7-2,tryptophan,tryptophan,C11H12N2O2,0.02395058,1.870477,203.0822,0,0,0,0,0,0,490.7066,0,0,0,0,0,0
,0,307,12,204.0854,8.533008,0.8521682,C13-label-1,tryptophan,tryptophan,C11H12N2O2,0.06699276,2.76636,203.0822,0,56478.16,139428.1,110706.9,126595.4,128790.6,100201.9,147760,59048.52,163648.5,103968.5,72100.12,126128.8
,0,308,9,205.0887,8.537049,0.8452037,C13-label-2,tryptophan,tryptophan,C11H12N2O2,0.06295109,2.827227,203.0822,0,2330.034,5112.916,4086.022,4223.183,4004.456,4644.851,7534.93,777.8774,8246.63,5055.377,2945.806,6764.846
,0,309,0,207.0956,8.51115,0.1236684,C13-label-4,tryptophan,tryptophan,C11H12N2O2,0.08885002,1.989354,203.0822,0,0,0,0,488.3752,0,0,0,0,0,0,0,0
,0,310,0,213.1157,8.539534,0.1234937,C13-label-10,tryptophan,tryptophan,C11H12N2O2,0.06046677,2.147954,203.0822,0,0,0,0,0,0,0,0,485.4417,0,0,0,0
,0,311,11,204.0792,8.541746,0.8452528,N15-label-1,tryptophan,tryptophan,C11H12N2O2,0.05825424,2.317833,203.0822,0,2800.388,5516.574,3171.756,7367.935,6144.379,4754.603,6108.5,2106.575,4729.055,2451.539,3753.9,5098.404
,0,312,13,210.0281,13.60209,0.8502566,C12 PARENT,Creatine phosphate ,Creatine phosphate ,C4H10N3O5P,0.0520916,2.252182,210.0281,11920.06,44597.51,159765.6,157388.7,192534.3,186206.5,195245,126429.6,97035.09,135329.9,213448.9,171379.8,187051.1
,0,313,0,215.0278,13.51741,0.1512547,C13N15-label-2-3,Creatine phosphate ,Creatine phosphate ,C4H10N3O5P,0.03259182,6.741429,210.0281,0,0,1112.094,0,0,0,0,0,0,0,1723.08,0,0
,0,314,0,214.0355,13.61848,0.06508612,C13N15-label-3-1,Creatine phosphate ,Creatine phosphate ,C4H10N3O5P,0.06848431,0.7841997,210.0281,603.9125,0,0,0,0,0,0,0,0,0,0,0,0
,0,315,0,215.0323,13.67277,0.386438,C13N15-label-3-2,Creatine phosphate ,Creatine phosphate ,C4H10N3O5P,0.1227674,1.844969,210.0281,0,0,0,0,0,0,0,0,0,0,18722.67,0,0
,0,316,0,217.0344,13.6716,0.07166738,C13N15-label-4-3,Creatine phosphate ,Creatine phosphate ,C4H10N3O5P,0.1216011,6.327566,210.0281,604.6208,0,0,0,0,0,0,0,0,0,0,0,0
,0,317,1,211.0316,13.60113,0.8152598,C13-label-1,Creatine phosphate ,Creatine phosphate ,C4H10N3O5P,0.05113029,1.373807,210.0281,0,1376.524,3374.603,2633.682,7847.963,8766.755,4188.257,1553.163,1453.558,1670.648,4566.947,5484.46,5637.859
,0,318,0,213.0401,13.5782,0.08733395,C13-label-3,Creatine phosphate ,Creatine phosphate ,C4H10N3O5P,0.0282011,7.019204,210.0281,0,0,0,0,0,0,0,1110.125,0,0,0,0,0
,0,319,0,211.0251,13.59895,0.1121162,N15-label-1,Creatine phosphate ,Creatine phosphate ,C4H10N3O5P,0.04894733,2.458464,210.0281,0,0,0,0,0,878.1068,1113.414,0,0,0,895.0724,812.3957,1815.069
,0,320,12,218.103,8.353109,0.8388475,C12 PARENT,pantothenate,pantothenate,C9H17NO5,0.0631094,1.958915,218.103,1576.089,328314.2,1060506,1287388,1442724,1361731,1517723,1272339,444833.5,1207368,1620535,1153557,1657343
,0,321,12,219.1062,8.35296,0.844802,C13-label-1,pantothenate,pantothenate,C9H17NO5,0.06295967,2.437431,218.103,0,29699.97,93688.84,118933.3,142727.5,119774.1,142150,113629.9,39945.38,107217,148320.7,104174.7,152206.8
,0,322,7,220.1096,8.330026,0.8416793,C13-label-2,pantothenate,pantothenate,C9H17NO5,0.04002571,2.21835,218.103,0,0,3313.931,4290.35,4596.331,5415.92,4353.625,3049.934,0,3978.283,3932.248,1726.833,2312.712
,0,323,3,219.1,8.335404,0.8153303,N15-label-1,pantothenate,pantothenate,C9H17NO5,0.04540443,1.880358,218.103,0,0,1651.427,2755.801,2767.855,3948.039,3739.783,1046.618,0,1278.603,4135.586,3703.285,5180.843
,,,,,,,,,,,,,,,,,,,,,,,,,,
,,,,,,,,,,,,,,,,,,,,,,,,,,
,,,,,,,,,,,,,,,,,,,,,,,,,,
,,,,,,,,,,,,,,,,,,,,,,,,,,
,,,,,,,,,,,,,,,,,,,,,,,,,,
,,,,,,,,,,,,,,,,,,,,,,,,,,
,,,,,,,,,,,,,,,,,,,,,,,,,,
,,,,,,,,,,,,,,,,,,,,,,,,,,
,,,,,,,,,,,,,,,,,,,,,,,,,,
,,,,,,,,,,,,,,,,,,,,,,,,,,
,,,,,,,,,,,,,,,,,,,,,,,,,,
,,,,,,,,,,,,,,,,,,,,,,,,,,
,,,,,,,,,,,,,,,,,,,,,,,,,,
,,,,,,,,,,,,,,,,,,,,,,,,,,
,,,,,,,,,,,,,,,,,,,,,,,,,,
,,,,,,,,,,,,,,,,,,,,,,,,,,
,,,,,,,,,,,,,,,,,,,,,,,,,,
,,,,,,,,,,,,,,,,,,,,,,,,,,
,,,,,,,,,,,,,,,,,,,,,,,,,,
,,,,,,,,,,,,,,,,,,,,,,,,,,
,,,,,,,,,,,,,,,,,,,,,,,,,,
,,,,,,,,,,,,,,,,,,,,,,,,,,
,,,,,,,,,,,,,,,,,,,,,,,,,,
,,,,,,,,,,,,,,,,,,,,,,,,,,
,,,,,,,,,,,,,,,,,,,,,,,,,,
,,,,,,,,,,,,,,,,,,,,,,,,,,
,,,,,,,,,,,,,,,,,,,,,,,,,,
,,,,,,,,,,,,,,,,,,,,,,,,,,
,,,,,,,,,,,,,,,,,,,,,,,,,,
,,,,,,,,,,,,,,,,,,,,,,,,,,
,,,,,,,,,,,,,,,,,,,,,,,,,,
,,,,,,,,,,,,,,,,,,,,,,,,,,
,,,,,,,,,,,,,,,,,,,,,,,,,,
,,,,,,,,,,,,,,,,,,,,,,,,,,
,,,,,,,,,,,,,,,,,,,,,,,,,,
,,,,,,,,,,,,,,,,,,,,,,,,,,
,,,,,,,,,,,,,,,,,,,,,,,,,,
,,,,,,,,,,,,,,,,,,,,,,,,,,
,,,,,,,,,,,,,,,,,,,,,,,,,,
,,,,,,,,,,,,,,,,,,,,,,,,,,
,,,,,,,,,,,,,,,,,,,,,,,,,,
,,,,,,,,,,,,,,,,,,,,,,,,,,
,,,,,,,,,,,,,,,,,,,,,,,,,,
,,,,,,,,,,,,,,,,,,,,,,,,,,
,,,,,,,,,,,,,,,,,,,,,,,,,,
,,,,,,,,,,,,,,,,,,,,,,,,,,
,,,,,,,,,,,,,,,,,,,,,,,,,,
,,,,,,,,,,,,,,,,,,,,,,,,,,
,,,,,,,,,,,,,,,,,,,,,,,,,,
,,,,,,,,,,,,,,,,,,,,,,,,,,
,,,,,,,,,,,,,,,,,,,,,,,,,,
,,,,,,,,,,,,,,,,,,,,,,,,,,
,,,,,,,,,,,,,,,,,,,,,,,,,,
,,,,,,,,,,,,,,,,,,,,,,,,,,
,,,,,,,,,,,,,,,,,,,,,,,,,,
,,,,,,,,,,,,,,,,,,,,,,,,,,
,,,,,,,,,,,,,,,,,,,,,,,,,,
,,,,,,,,,,,,,,,,,,,,,,,,,,
,,,,,,,,,,,,,,,,,,,,,,,,,,
,,,,,,,,,,,,,,,,,,,,,,,,,,
,,,,,,,,,,,,,,,,,,,,,,,,,,
,,,,,,,,,,,,,,,,,,,,,,,,,,
,,,,,,,,,,,,,,,,,,,,,,,,,,
,,,,,,,,,,,,,,,,,,,,,,,,,,
,,,,,,,,,,,,,,,,,,,,,,,,,,
,,,,,,,,,,,,,,,,,,,,,,,,,,
,,,,,,,,,,,,,,,,,,,,,,,,,,
,,,,,,,,,,,,,,,,,,,,,,,,,,
,,,,,,,,,,,,,,,,,,,,,,,,,,
,,,,,,,,,,,,,,,,,,,,,,,,,,
,,,,,,,,,,,,,,,,,,,,,,,,,,
,,,,,,,,,,,,,,,,,,,,,,,,,,
,,,,,,,,,,,,,,,,,,,,,,,,,,
,,,,,,,,,,,,,,,,,,,,,,,,,,
,,,,,,,,,,,,,,,,,,,,,,,,,,
,,,,,,,,,,,,,,,,,,,,,,,,,,
,,,,,,,,,,,,,,,,,,,,,,,,,,
,,,,,,,,,,,,,,,,,,,,,,,,,,
,,,,,,,,,,,,,,,,,,,,,,,,,,
,,,,,,,,,,,,,,,,,,,,,,,,,,
,,,,,,,,,,,,,,,,,,,,,,,,,,
,,,,,,,,,,,,,,,,,,,,,,,,,,
,,,,,,,,,,,,,,,,,,,,,,,,,,
,,,,,,,,,,,,,,,,,,,,,,,,,,
,,,,,,,,,,,,,,,,,,,,,,,,,,
,,,,,,,,,,,,,,,,,,,,,,,,,,
,,,,,,,,,,,,,,,,,,,,,,,,,,
,,,,,,,,,,,,,,,,,,,,,,,,,,
,,,,,,,,,,,,,,,,,,,,,,,,,,
,,,,,,,,,,,,,,,,,,,,,,,,,,
,,,,,,,,,,,,,,,,,,,,,,,,,,
,,,,,,,,,,,,,,,,,,,,,,,,,,
,,,,,,,,,,,,,,,,,,,,,,,,,,
,,,,,,,,,,,,,,,,,,,,,,,,,,
,,,,,,,,,,,,,,,,,,,,,,,,,,
,,,,,,,,,,,,,,,,,,,,,,,,,,
,,,,,,,,,,,,,,,,,,,,,,,,,,
,,,,,,,,,,,,,,,,,,,,,,,,,,
,,,,,,,,,,,,,,,,,,,,,,,,,,
,,,,,,,,,,,,,,,,,,,,,,,,,,
,,,,,,,,,,,,,,,,,,,,,,,,,,
,,,,,,,,,,,,,,,,,,,,,,,,,,
,,,,,,,,,,,,,,,,,,,,,,,,,,
,,,,,,,,,,,,,,,,,,,,,,,,,,
,,,,,,,,,,,,,,,,,,,,,,,,,,
,,,,,,,,,,,,,,,,,,,,,,,,,,
,,,,,,,,,,,,,,,,,,,,,,,,,,
,,,,,,,,,,,,,,,,,,,,,,,,,,
,,,,,,,,,,,,,,,,,,,,,,,,,,
,,,,,,,,,,,,,,,,,,,,,,,,,,
,,,,,,,,,,,,,,,,,,,,,,,,,,
,,,,,,,,,,,,,,,,,,,,,,,,,,
,,,,,,,,,,,,,,,,,,,,,,,,,,
,,,,,,,,,,,,,,,,,,,,,,,,,,
,,,,,,,,,,,,,,,,,,,,,,,,,,
,,,,,,,,,,,,,,,,,,,,,,,,,,
,,,,,,,,,,,,,,,,,,,,,,,,,,
,,,,,,,,,,,,,,,,,,,,,,,,,,
,,,,,,,,,,,,,,,,,,,,,,,,,,
,,,,,,,,,,,,,,,,,,,,,,,,,,
,,,,,,,,,,,,,,,,,,,,,,,,,,
,,,,,,,,,,,,,,,,,,,,,,,,,,
,,,,,,,,,,,,,,,,,,,,,,,,,,
,,,,,,,,,,,,,,,,,,,,,,,,,,
,,,,,,,,,,,,,,,,,,,,,,,,,,
,,,,,,,,,,,,,,,,,,,,,,,,,,
,,,,,,,,,,,,,,,,,,,,,,,,,,
,,,,,,,,,,,,,,,,,,,,,,,,,,
,,,,,,,,,,,,,,,,,,,,,,,,,,
,,,,,,,,,,,,,,,,,,,,,,,,,,
,,,,,,,,,,,,,,,,,,,,,,,,,,
,,,,,,,,,,,,,,,,,,,,,,,,,,
,,,,,,,,,,,,,,,,,,,,,,,,,,
,,,,,,,,,,,,,,,,,,,,,,,,,,
,,,,,,,,,,,,,,,,,,,,,,,,,,
,,,,,,,,,,,,,,,,,,,,,,,,,,
,,,,,,,,,,,,,,,,,,,,,,,,,,
,,,,,,,,,,,,,,,,,,,,,,,,,,
,,,,,,,,,,,,,,,,,,,,,,,,,,
,,,,,,,,,,,,,,,,,,,,,,,,,,
,,,,,,,,,,,,,,,,,,,,,,,,,,
,,,,,,,,,,,,,,,,,,,,,,,,,,
,,,,,,,,,,,,,,,,,,,,,,,,,,
,,,,,,,,,,,,,,,,,,,,,,,,,,
,,,,,,,,,,,,,,,,,,,,,,,,,,
,,,,,,,,,,,,,,,,,,,,,,,,,,
,,,,,,,,,,,,,,,,,,,,,,,,,,
,,,,,,,,,,,,,,,,,,,,,,,,,,
,,,,,,,,,,,,,,,,,,,,,,,,,,
,,,,,,,,,,,,,,,,,,,,,,,,,,
,,,,,,,,,,,,,,,,,,,,,,,,,,
,,,,,,,,,,,,,,,,,,,,,,,,,,
,,,,,,,,,,,,,,,,,,,,,,,,,,
,,,,,,,,,,,,,,,,,,,,,,,,,,
,,,,,,,,,,,,,,,,,,,,,,,,,,
,,,,,,,,,,,,,,,,,,,,,,,,,,
,,,,,,,,,,,,,,,,,,,,,,,,,,
,,,,,,,,,,,,,,,,,,,,,,,,,,
,,,,,,,,,,,,,,,,,,,,,,,,,,
,,,,,,,,,,,,,,,,,,,,,,,,,,
,,,,,,,,,,,,,,,,,,,,,,,,,,
,,,,,,,,,,,,,,,,,,,,,,,,,,
,,,,,,,,,,,,,,,,,,,,,,,,,,
,,,,,,,,,,,,,,,,,,,,,,,,,,
,,,,,,,,,,,,,,,,,,,,,,,,,,
,,,,,,,,,,,,,,,,,,,,,,,,,,
,,,,,,,,,,,,,,,,,,,,,,,,,,
,,,,,,,,,,,,,,,,,,,,,,,,,,
,,,,,,,,,,,,,,,,,,,,,,,,,,
,,,,,,,,,,,,,,,,,,,,,,,,,,
,,,,,,,,,,,,,,,,,,,,,,,,,,
,,,,,,,,,,,,,,,,,,,,,,,,,,
,,,,,,,,,,,,,,,,,,,,,,,,,,
,,,,,,,,,,,,,,,,,,,,,,,,,,
,,,,,,,,,,,,,,,,,,,,,,,,,,
,,,,,,,,,,,,,,,,,,,,,,,,,,
,,,,,,,,,,,,,,,,,,,,,,,,,,
,,,,,,,,,,,,,,,,,,,,,,,,,,
,,,,,,,,,,,,,,,,,,,,,,,,,,
,,,,,,,,,,,,,,,,,,,,,,,,,,
,,,,,,,,,,,,,,,,,,,,,,,,,,
,,,,,,,,,,,,,,,,,,,,,,,,,,
,,,,,,,,,,,,,,,,,,,,,,,,,,
,,,,,,,,,,,,,,,,,,,,,,,,,,
,,,,,,,,,,,,,,,,,,,,,,,,,,
,,,,,,,,,,,,,,,,,,,,,,,,,,
,,,,,,,,,,,,,,,,,,,,,,,,,,
,,,,,,,,,,,,,,,,,,,,,,,,,,
,,,,,,,,,,,,,,,,,,,,,,,,,,
,,,,,,,,,,,,,,,,,,,,,,,,,,
,,,,,,,,,,,,,,,,,,,,,,,,,,
,,,,,,,,,,,,,,,,,,,,,,,,,,
,,,,,,,,,,,,,,,,,,,,,,,,,,
,,,,,,,,,,,,,,,,,,,,,,,,,,
,,,,,,,,,,,,,,,,,,,,,,,,,,
,,,,,,,,,,,,,,,,,,,,,,,,,,
,,,,,,,,,,,,,,,,,,,,,,,,,,
,,,,,,,,,,,,,,,,,,,,,,,,,,
,,,,,,,,,,,,,,,,,,,,,,,,,,
,,,,,,,,,,,,,,,,,,,,,,,,,,
,,,,,,,,,,,,,,,,,,,,,,,,,,
,,,,,,,,,,,,,,,,,,,,,,,,,,
,,,,,,,,,,,,,,,,,,,,,,,,,,
,,,,,,,,,,,,,,,,,,,,,,,,,,
,,,,,,,,,,,,,,,,,,,,,,,,,,
,,,,,,,,,,,,,,,,,,,,,,,,,,
,,,,,,,,,,,,,,,,,,,,,,,,,,
,,,,,,,,,,,,,,,,,,,,,,,,,,
,,,,,,,,,,,,,,,,,,,,,,,,,,
,,,,,,,,,,,,,,,,,,,,,,,,,,
,,,,,,,,,,,,,,,,,,,,,,,,,,
,,,,,,,,,,,,,,,,,,,,,,,,,,
,,,,,,,,,,,,,,,,,,,,,,,,,,
,,,,,,,,,,,,,,,,,,,,,,,,,,
,,,,,,,,,,,,,,,,,,,,,,,,,,
,,,,,,,,,,,,,,,,,,,,,,,,,,
,,,,,,,,,,,,,,,,,,,,,,,,,,
,,,,,,,,,,,,,,,,,,,,,,,,,,
,,,,,,,,,,,,,,,,,,,,,,,,,,
,,,,,,,,,,,,,,,,,,,,,,,,,,
,,,,,,,,,,,,,,,,,,,,,,,,,,
,,,,,,,,,,,,,,,,,,,,,,,,,,
,,,,,,,,,,,,,,,,,,,,,,,,,,
,,,,,,,,,,,,,,,,,,,,,,,,,,
,,,,,,,,,,,,,,,,,,,,,,,,,,
,,,,,,,,,,,,,,,,,,,,,,,,,,
,,,,,,,,,,,,,,,,,,,,,,,,,,
,,,,,,,,,,,,,,,,,,,,,,,,,,
,,,,,,,,,,,,,,,,,,,,,,,,,,
,,,,,,,,,,,,,,,,,,,,,,,,,,
,,,,,,,,,,,,,,,,,,,,,,,,,,
,,,,,,,,,,,,,,,,,,,,,,,,,,
,,,,,,,,,,,,,,,,,,,,,,,,,,
,,,,,,,,,,,,,,,,,,,,,,,,,,
,,,,,,,,,,,,,,,,,,,,,,,,,,
,,,,,,,,,,,,,,,,,,,,,,,,,,
,,,,,,,,,,,,,,,,,,,,,,,,,,
,,,,,,,,,,,,,,,,,,,,,,,,,,
,,,,,,,,,,,,,,,,,,,,,,,,,,
,,,,,,,,,,,,,,,,,,,,,,,,,,
,,,,,,,,,,,,,,,,,,,,,,,,,,
,,,,,,,,,,,,,,,,,,,,,,,,,,
,,,,,,,,,,,,,,,,,,,,,,,,,,
,,,,,,,,,,,,,,,,,,,,,,,,,,
,,,,,,,,,,,,,,,,,,,,,,,,,,
,,,,,,,,,,,,,,,,,,,,,,,,,,
,,,,,,,,,,,,,,,,,,,,,,,,,,
,,,,,,,,,,,,,,,,,,,,,,,,,,
,,,,,,,,,,,,,,,,,,,,,,,,,,
,,,,,,,,,,,,,,,,,,,,,,,,,,
,,,,,,,,,,,,,,,,,,,,,,,,,,
,,,,,,,,,,,,,,,,,,,,,,,,,,
,,,,,,,,,,,,,,,,,,,,,,,,,,
,,,,,,,,,,,,,,,,,,,,,,,,,,
,,,,,,,,,,,,,,,,,,,,,,,,,,
,,,,,,,,,,,,,,,,,,,,,,,,,,
,,,,,,,,,,,,,,,,,,,,,,,,,,
,,,,,,,,,,,,,,,,,,,,,,,,,,
,,,,,,,,,,,,,,,,,,,,,,,,,,
,,,,,,,,,,,,,,,,,,,,,,,,,,
,,,,,,,,,,,,,,,,,,,,,,,,,,
,,,,,,,,,,,,,,,,,,,,,,,,,,
,,,,,,,,,,,,,,,,,,,,,,,,,,
,,,,,,,,,,,,,,,,,,,,,,,,,,
,,,,,,,,,,,,,,,,,,,,,,,,,,
,,,,,,,,,,,,,,,,,,,,,,,,,,
,,,,,,,,,,,,,,,,,,,,,,,,,,
,,,,,,,,,,,,,,,,,,,,,,,,,,
,,,,,,,,,,,,,,,,,,,,,,,,,,
,,,,,,,,,,,,,,,,,,,,,,,,,,
,,,,,,,,,,,,,,,,,,,,,,,,,,
,,,,,,,,,,,,,,,,,,,,,,,,,,
,,,,,,,,,,,,,,,,,,,,,,,,,,
,,,,,,,,,,,,,,,,,,,,,,,,,,
,,,,,,,,,,,,,,,,,,,,,,,,,,
,,,,,,,,,,,,,,,,,,,,,,,,,,
,,,,,,,,,,,,,,,,,,,,,,,,,,
,,,,,,,,,,,,,,,,,,,,,,,,,,
,,,,,,,,,,,,,,,,,,,,,,,,,,
,,,,,,,,,,,,,,,,,,,,,,,,,,
,,,,,,,,,,,,,,,,,,,,,,,,,,
,,,,,,,,,,,,,,,,,,,,,,,,,,
,,,,,,,,,,,,,,,,,,,,,,,,,,
,,,,,,,,,,,,,,,,,,,,,,,,,,
,,,,,,,,,,,,,,,,,,,,,,,,,,
,,,,,,,,,,,,,,,,,,,,,,,,,,
,,,,,,,,,,,,,,,,,,,,,,,,,,
,,,,,,,,,,,,,,,,,,,,,,,,,,
,,,,,,,,,,,,,,,,,,,,,,,,,,
,,,,,,,,,,,,,,,,,,,,,,,,,,
,,,,,,,,,,,,,,,,,,,,,,,,,,
,,,,,,,,,,,,,,,,,,,,,,,,,,
,,,,,,,,,,,,,,,,,,,,,,,,,,
,,,,,,,,,,,,,,,,,,,,,,,,,,
,,,,,,,,,,,,,,,,,,,,,,,,,,
,,,,,,,,,,,,,,,,,,,,,,,,,,
,,,,,,,,,,,,,,,,,,,,,,,,,,
,,,,,,,,,,,,,,,,,,,,,,,,,,
,,,,,,,,,,,,,,,,,,,,,,,,,,
,,,,,,,,,,,,,,,,,,,,,,,,,,
,,,,,,,,,,,,,,,,,,,,,,,,,,
,,,,,,,,,,,,,,,,,,,,,,,,,,
,,,,,,,,,,,,,,,,,,,,,,,,,,
,,,,,,,,,,,,,,,,,,,,,,,,,,
,,,,,,,,,,,,,,,,,,,,,,,,,,
,,,,,,,,,,,,,,,,,,,,,,,,,,
,,,,,,,,,,,,,,,,,,,,,,,,,,
,,,,,,,,,,,,,,,,,,,,,,,,,,
,,,,,,,,,,,,,,,,,,,,,,,,,,
,,,,,,,,,,,,,,,,,,,,,,,,,,
,,,,,,,,,,,,,,,,,,,,,,,,,,
,,,,,,,,,,,,,,,,,,,,,,,,,,
,,,,,,,,,,,,,,,,,,,,,,,,,,
,,,,,,,,,,,,,,,,,,,,,,,,,,
,,,,,,,,,,,,,,,,,,,,,,,,,,
,,,,,,,,,,,,,,,,,,,,,,,,,,
,,,,,,,,,,,,,,,,,,,,,,,,,,
,,,,,,,,,,,,,,,,,,,,,,,,,,
,,,,,,,,,,,,,,,,,,,,,,,,,,
,,,,,,,,,,,,,,,,,,,,,,,,,,
,,,,,,,,,,,,,,,,,,,,,,,,,,
,,,,,,,,,,,,,,,,,,,,,,,,,,
,,,,,,,,,,,,,,,,,,,,,,,,,,
,,,,,,,,,,,,,,,,,,,,,,,,,,
,,,,,,,,,,,,,,,,,,,,,,,,,,
,,,,,,,,,,,,,,,,,,,,,,,,,,
,,,,,,,,,,,,,,,,,,,,,,,,,,
,,,,,,,,,,,,,,,,,,,,,,,,,,
,,,,,,,,,,,,,,,,,,,,,,,,,,
,,,,,,,,,,,,,,,,,,,,,,,,,,
,,,,,,,,,,,,,,,,,,,,,,,,,,
,,,,,,,,,,,,,,,,,,,,,,,,,,
,,,,,,,,,,,,,,,,,,,,,,,,,,
,,,,,,,,,,,,,,,,,,,,,,,,,,
,,,,,,,,,,,,,,,,,,,,,,,,,,
,,,,,,,,,,,,,,,,,,,,,,,,,,
,,,,,,,,,,,,,,,,,,,,,,,,,,
,,,,,,,,,,,,,,,,,,,,,,,,,,
,,,,,,,,,,,,,,,,,,,,,,,,,,
,,,,,,,,,,,,,,,,,,,,,,,,,,
,,,,,,,,,,,,,,,,,,,,,,,,,,
,,,,,,,,,,,,,,,,,,,,,,,,,,
,,,,,,,,,,,,,,,,,,,,,,,,,,
,,,,,,,,,,,,,,,,,,,,,,,,,,
,,,,,,,,,,,,,,,,,,,,,,,,,,
,,,,,,,,,,,,,,,,,,,,,,,,,,
,,,,,,,,,,,,,,,,,,,,,,,,,,
,,,,,,,,,,,,,,,,,,,,,,,,,,
,,,,,,,,,,,,,,,,,,,,,,,,,,
,,,,,,,,,,,,,,,,,,,,,,,,,,
,,,,,,,,,,,,,,,,,,,,,,,,,,
,,,,,,,,,,,,,,,,,,,,,,,,,,
,,,,,,,,,,,,,,,,,,,,,,,,,,
,,,,,,,,,,,,,,,,,,,,,,,,,,
,,,,,,,,,,,,,,,,,,,,,,,,,,
,,,,,,,,,,,,,,,,,,,,,,,,,,
,,,,,,,,,,,,,,,,,,,,,,,,,,
,,,,,,,,,,,,,,,,,,,,,,,,,,
,,,,,,,,,,,,,,,,,,,,,,,,,,
,,,,,,,,,,,,,,,,,,,,,,,,,,
,,,,,,,,,,,,,,,,,,,,,,,,,,
,,,,,,,,,,,,,,,,,,,,,,,,,,
,,,,,,,,,,,,,,,,,,,,,,,,,,
,,,,,,,,,,,,,,,,,,,,,,,,,,
,,,,,,,,,,,,,,,,,,,,,,,,,,
,,,,,,,,,,,,,,,,,,,,,,,,,,
,,,,,,,,,,,,,,,,,,,,,,,,,,
,,,,,,,,,,,,,,,,,,,,,,,,,,
,,,,,,,,,,,,,,,,,,,,,,,,,,
,,,,,,,,,,,,,,,,,,,,,,,,,,
,,,,,,,,,,,,,,,,,,,,,,,,,,
,,,,,,,,,,,,,,,,,,,,,,,,,,
,,,,,,,,,,,,,,,,,,,,,,,,,,
,,,,,,,,,,,,,,,,,,,,,,,,,,
,,,,,,,,,,,,,,,,,,,,,,,,,,
,,,,,,,,,,,,,,,,,,,,,,,,,,
,,,,,,,,,,,,,,,,,,,,,,,,,,
,,,,,,,,,,,,,,,,,,,,,,,,,,
,,,,,,,,,,,,,,,,,,,,,,,,,,
,,,,,,,,,,,,,,,,,,,,,,,,,,
,,,,,,,,,,,,,,,,,,,,,,,,,,
,,,,,,,,,,,,,,,,,,,,,,,,,,
,,,,,,,,,,,,,,,,,,,,,,,,,,
,,,,,,,,,,,,,,,,,,,,,,,,,,
,,,,,,,,,,,,,,,,,,,,,,,,,,
,,,,,,,,,,,,,,,,,,,,,,,,,,
,,,,,,,,,,,,,,,,,,,,,,,,,,
,,,,,,,,,,,,,,,,,,,,,,,,,,
,,,,,,,,,,,,,,,,,,,,,,,,,,
,,,,,,,,,,,,,,,,,,,,,,,,,,
,,,,,,,,,,,,,,,,,,,,,,,,,,
,,,,,,,,,,,,,,,,,,,,,,,,,,
,,,,,,,,,,,,,,,,,,,,,,,,,,
,,,,,,,,,,,,,,,,,,,,,,,,,,
,,,,,,,,,,,,,,,,,,,,,,,,,,
,,,,,,,,,,,,,,,,,,,,,,,,,,
,,,,,,,,,,,,,,,,,,,,,,,,,,
,,,,,,,,,,,,,,,,,,,,,,,,,,
,,,,,,,,,,,,,,,,,,,,,,,,,,
,,,,,,,,,,,,,,,,,,,,,,,,,,
,,,,,,,,,,,,,,,,,,,,,,,,,,
,,,,,,,,,,,,,,,,,,,,,,,,,,
,,,,,,,,,,,,,,,,,,,,,,,,,,
,,,,,,,,,,,,,,,,,,,,,,,,,,
,,,,,,,,,,,,,,,,,,,,,,,,,,
,,,,,,,,,,,,,,,,,,,,,,,,,,
,,,,,,,,,,,,,,,,,,,,,,,,,,
,,,,,,,,,,,,,,,,,,,,,,,,,,
,,,,,,,,,,,,,,,,,,,,,,,,,,
,,,,,,,,,,,,,,,,,,,,,,,,,,
,,,,,,,,,,,,,,,,,,,,,,,,,,
,,,,,,,,,,,,,,,,,,,,,,,,,,
,,,,,,,,,,,,,,,,,,,,,,,,,,
,,,,,,,,,,,,,,,,,,,,,,,,,,
,,,,,,,,,,,,,,,,,,,,,,,,,,
,,,,,,,,,,,,,,,,,,,,,,,,,,
,,,,,,,,,,,,,,,,,,,,,,,,,,
,,,,,,,,,,,,,,,,,,,,,,,,,,
,,,,,,,,,,,,,,,,,,,,,,,,,,
,,,,,,,,,,,,,,,,,,,,,,,,,,
,,,,,,,,,,,,,,,,,,,,,,,,,,
,,,,,,,,,,,,,,,,,,,,,,,,,,
,,,,,,,,,,,,,,,,,,,,,,,,,,
,,,,,,,,,,,,,,,,,,,,,,,,,,
,,,,,,,,,,,,,,,,,,,,,,,,,,
,,,,,,,,,,,,,,,,,,,,,,,,,,
,,,,,,,,,,,,,,,,,,,,,,,,,,
,,,,,,,,,,,,,,,,,,,,,,,,,,
,,,,,,,,,,,,,,,,,,,,,,,,,,
,,,,,,,,,,,,,,,,,,,,,,,,,,
,,,,,,,,,,,,,,,,,,,,,,,,,,
,,,,,,,,,,,,,,,,,,,,,,,,,,
,,,,,,,,,,,,,,,,,,,,,,,,,,
,,,,,,,,,,,,,,,,,,,,,,,,,,
,,,,,,,,,,,,,,,,,,,,,,,,,,
,,,,,,,,,,,,,,,,,,,,,,,,,,
,,,,,,,,,,,,,,,,,,,,,,,,,,
,,,,,,,,,,,,,,,,,,,,,,,,,,
,,,,,,,,,,,,,,,,,,,,,,,,,,
,,,,,,,,,,,,,,,,,,,,,,,,,,
,,,,,,,,,,,,,,,,,,,,,,,,,,
,,,,,,,,,,,,,,,,,,,,,,,,,,
,,,,,,,,,,,,,,,,,,,,,,,,,,
,,,,,,,,,,,,,,,,,,,,,,,,,,
,,,,,,,,,,,,,,,,,,,,,,,,,,
,,,,,,,,,,,,,,,,,,,,,,,,,,
,,,,,,,,,,,,,,,,,,,,,,,,,,
,,,,,,,,,,,,,,,,,,,,,,,,,,
,,,,,,,,,,,,,,,,,,,,,,,,,,
,,,,,,,,,,,,,,,,,,,,,,,,,,
,,,,,,,,,,,,,,,,,,,,,,,,,,
,,,,,,,,,,,,,,,,,,,,,,,,,,
,,,,,,,,,,,,,,,,,,,,,,,,,,
,,,,,,,,,,,,,,,,,,,,,,,,,,
,,,,,,,,,,,,,,,,,,,,,,,,,,
,,,,,,,,,,,,,,,,,,,,,,,,,,
,,,,,,,,,,,,,,,,,,,,,,,,,,
,,,,,,,,,,,,,,,,,,,,,,,,,,
,,,,,,,,,,,,,,,,,,,,,,,,,,
,,,,,,,,,,,,,,,,,,,,,,,,,,
,,,,,,,,,,,,,,,,,,,,,,,,,,
,,,,,,,,,,,,,,,,,,,,,,,,,,
,,,,,,,,,,,,,,,,,,,,,,,,,,
,,,,,,,,,,,,,,,,,,,,,,,,,,
,,,,,,,,,,,,,,,,,,,,,,,,,,
,,,,,,,,,,,,,,,,,,,,,,,,,,
,,,,,,,,,,,,,,,,,,,,,,,,,,
,,,,,,,,,,,,,,,,,,,,,,,,,,
,,,,,,,,,,,,,,,,,,,,,,,,,,
,,,,,,,,,,,,,,,,,,,,,,,,,,
,,,,,,,,,,,,,,,,,,,,,,,,,,
,,,,,,,,,,,,,,,,,,,,,,,,,,
,,,,,,,,,,,,,,,,,,,,,,,,,,
,,,,,,,,,,,,,,,,,,,,,,,,,,
,,,,,,,,,,,,,,,,,,,,,,,,,,
,,,,,,,,,,,,,,,,,,,,,,,,,,
,,,,,,,,,,,,,,,,,,,,,,,,,,
,,,,,,,,,,,,,,,,,,,,,,,,,,
,,,,,,,,,,,,,,,,,,,,,,,,,,
,,,,,,,,,,,,,,,,,,,,,,,,,,
,,,,,,,,,,,,,,,,,,,,,,,,,,
,,,,,,,,,,,,,,,,,,,,,,,,,,
,,,,,,,,,,,,,,,,,,,,,,,,,,
,,,,,,,,,,,,,,,,,,,,,,,,,,
,,,,,,,,,,,,,,,,,,,,,,,,,,
,,,,,,,,,,,,,,,,,,,,,,,,,,
,,,,,,,,,,,,,,,,,,,,,,,,,,
,,,,,,,,,,,,,,,,,,,,,,,,,,
,,,,,,,,,,,,,,,,,,,,,,,,,,
,,,,,,,,,,,,,,,,,,,,,,,,,,
